id,chapter,question,option_a,option_b,option_c,option_d,correct_answer,explanation
1,5.1 Du besoin au cahier des charges ,"Laquelle de ces propositions constitue une exigence plutôt qu’un simple besoin ?","Le client souhaite surveiller efficacement son pipeline","L’exploitant veut une solution moderne pour inspecter ses installations","L’appareil doit détecter une fuite de dix centimètres à cent mètres d’altitude","Le client souhaite améliorer la surveillance de ses installations","C","Une exigence doit être formulée de manière vérifiable. La taille de la fuite, l’altitude et la distance fournissent ici des critères mesurables."
2,5.1 Du besoin au cahier des charges ,"Quel est le critère décisif permettant de distinguer une bonne exigence d’une formulation vague ?","Elle doit être ambitieuse","Elle doit être vérifiable","Elle doit être techniquement complexe","Elle doit maximiser les performances","B","Une exigence doit permettre de constater objectivement si elle est satisfaite ou non. La vérifiabilité est le critère décisif."
3,5.1 Du besoin au cahier des charges ,"Laquelle de ces formulations correspond à une exigence de performance ?","L’appareil doit transmettre un flux vidéo à l’opérateur","L’appareil doit fonctionner entre -10 °C et 40 °C","L’appareil doit avoir une endurance minimale de 45 minutes","La masse maximale au décollage ne doit pas dépasser 25 kg","C","L’endurance exprime le niveau de performance attendu de l’appareil. Les autres propositions correspondent respectivement à une fonction, une condition opérationnelle et une contrainte."
4,5.1 Du besoin au cahier des charges ,"Dans quelle famille classe-t-on une exigence indiquant que le drone doit revenir automatiquement en cas de perte de liaison ?","Exigence fonctionnelle","Exigence de performance","Exigence opérationnelle","Exigence de contrainte","A","Le retour automatique en cas de perte de liaison décrit une fonction que le drone doit réaliser."
5,5.1 Du besoin au cahier des charges ,"Une exigence imposant une masse maximale au décollage appartient à quelle famille ?","Fonctionnelle","Performance","Opérationnelle","Contrainte","D","Une masse maximale constitue une limite à ne pas dépasser et borne donc l’espace de conception. Il s’agit d’une contrainte."
6,5.1 Du besoin au cahier des charges ,"Quelle information doit notamment apparaître dans une matrice de traçabilité des exigences ?","Uniquement le prix des composants","Le besoin d’origine et la méthode de vérification","Uniquement le fabricant du drone","La couleur et les dimensions extérieures du drone","B","La matrice relie chaque exigence à son besoin d’origine et à sa méthode de vérification, avec notamment sa famille et sa priorité."
7,5.1 Du besoin au cahier des charges ,"Que signifie qu’une exigence est orpheline ?","Elle est trop difficile à réaliser","Elle n’a pas de besoin d’origine identifiable","Elle possède plusieurs méthodes de vérification","Elle est classée comme impérative","B","Une exigence orpheline ne découle d’aucun besoin identifié. La matrice de traçabilité permet notamment de détecter ce type d’exigence."
8,5.1 Du besoin au cahier des charges ,"Pourquoi les exigences doivent-elles être hiérarchisées en exigences impératives et souhaitables ?","Pour supprimer toutes les contraintes du projet","Pour rendre les compromis décidables lorsque des exigences entrent en conflit","Pour éviter de réaliser des essais en vol","Pour garantir que toutes les exigences seront satisfaites simultanément","B","Les exigences peuvent entrer en conflit. La hiérarchie permet de déterminer lesquelles doivent être préservées lorsque toutes ne peuvent pas être satisfaites simultanément."
9,5.1 Du besoin au cahier des charges ,"Un cahier des charges prévoit une autonomie maximale, une charge utile maximale et une masse maximale sans préciser de priorité. Quel est le principal problème ?","Les exigences deviennent automatiquement fonctionnelles","Les compromis de conception deviennent difficiles voire impossibles à décider","La traçabilité devient inutile","La méthode de vérification est nécessairement un essai en vol","B","L’autonomie, la charge utile et la masse peuvent entrer en conflit. Sans hiérarchie, le concepteur ne sait pas quelle exigence privilégier lorsqu’un compromis est nécessaire."
10,5.1 Du besoin au cahier des charges ,"Comment doit évoluer une exigence lorsqu’un problème de conception montre qu’elle est difficile à satisfaire ?","La modifier discrètement pour qu’elle corresponde au résultat obtenu","La supprimer systématiquement","Constater le conflit, décider la modification et la consigner","La conserver sans jamais la réévaluer","C","Le cahier des charges peut évoluer, mais de manière contrôlée. Une modification doit être décidée et consignée ; elle ne doit pas être ajustée en silence pour correspondre au résultat."
11,5.1 Du besoin au cahier des charges ,"Pourquoi un besoin ne peut-il pas être utilisé directement comme base de conception ?","Parce qu’il est toujours techniquement faux","Parce qu’il ne précise généralement ni les niveaux de performance ni les conditions de réalisation","Parce qu’il contient trop de contraintes réglementaires","Parce qu’il doit obligatoirement être exprimé en unités SI","B","Un besoin exprime le problème à résoudre mais reste souvent trop général. Il doit être traduit en exigences précises et vérifiables avant de guider la conception."
12,5.1 Du besoin au cahier des charges ,"Quelle transformation correspond au passage d’un besoin vers une exigence ?","Transformer une idée générale en affirmation mesurable et vérifiable","Transformer une contrainte en préférence personnelle","Remplacer les performances par des caractéristiques esthétiques","Supprimer toutes les conditions opérationnelles","A","Le passage du besoin à l’exigence consiste à traduire le besoin en une affirmation suffisamment précise pour pouvoir être vérifiée."
13,5.1 Du besoin au cahier des charges ,"Laquelle de ces formulations est la plus ambiguë pour une exigence ?","L’appareil doit voler 45 minutes avec sa charge utile","L’appareil doit fonctionner entre -10 °C et 40 °C","L’appareil doit être léger et robuste","L’appareil doit atteindre 15 m/s","C","Les termes « léger » et « robuste » ne définissent pas de seuil mesurable. Une exigence doit éviter les formulations vagues."
14,5.1 Du besoin au cahier des charges ,"Pourquoi les mots « rapide », « léger » ou « robuste » sont-ils insuffisants dans une exigence ?","Parce qu’ils sont trop techniques","Parce qu’ils ne permettent pas de définir objectivement un niveau à vérifier","Parce qu’ils sont interdits par la réglementation aéronautique","Parce qu’ils ne peuvent être utilisés que pour les avions","B","Ces termes peuvent être interprétés différemment. Une exigence doit utiliser des grandeurs et des seuils permettant une vérification objective."
15,5.1 Du besoin au cahier des charges ,"Une exigence impose une autonomie de 60 minutes alors que les contraintes physiques et économiques du projet ne permettent que 30 minutes. Quel critère de bonne exigence est principalement en cause ?","La traçabilité","L’absence d’ambiguïté","La réalisabilité","La classification fonctionnelle","C","Une bonne exigence doit rester physiquement et économiquement réalisable. Une exigence irréalisable doit être identifiée et remise en question avant la fin du projet."
16,5.1 Du besoin au cahier des charges ,"Pourquoi une exigence sans besoin d’origine doit-elle être remise en question ?","Parce qu’elle peut alourdir inutilement la conception","Parce qu’elle devient automatiquement une contrainte réglementaire","Parce qu’elle ne peut jamais être vérifiée","Parce qu’elle doit obligatoirement être supprimée avant tout calcul","A","Une exigence doit découler d’un besoin réel. Une exigence sans justification peut ajouter des contraintes ou des coûts sans contribuer à la mission."
17,5.1 Du besoin au cahier des charges ,"Que signifie la traçabilité d’une exigence ?","La possibilité de retrouver uniquement le fabricant du composant","La possibilité de relier l’exigence à son besoin d’origine et à sa méthode de vérification","La possibilité de suivre uniquement la masse du drone","La possibilité de connaître uniquement sa date de fabrication","B","La traçabilité relie l’exigence à son origine en amont et à sa vérification en aval."
18,5.1 Du besoin au cahier des charges ,"Une exigence précise qu’un drone doit transmettre une vidéo à l’opérateur. Quelle famille correspond principalement à cette exigence ?","Fonctionnelle","Performance","Opérationnelle","Contrainte","A","La transmission vidéo décrit une fonction que le drone doit assurer."
19,5.1 Du besoin au cahier des charges ,"Une exigence précise que le drone doit maintenir une liaison à 5 km. Dans quelle famille se situe principalement cette exigence ?","Fonctionnelle","Performance","Opérationnelle","Contrainte","B","Une distance minimale de liaison définit un niveau de performance attendu. La portée opérationnelle est explicitement présentée comme une exigence de performance."
20,5.1 Du besoin au cahier des charges ,"Une exigence impose une température de fonctionnement comprise entre -20 °C et 45 °C. Dans quelle famille se situe-t-elle ?","Fonctionnelle","Performance","Opérationnelle","Contrainte","C","La plage de température définit les conditions dans lesquelles l’appareil doit fonctionner. Il s’agit d’une exigence opérationnelle."
21,5.1 Du besoin au cahier des charges ,"Une exigence impose un coût maximal de 5 000 €. Dans quelle famille doit-elle principalement être classée ?","Fonctionnelle","Performance","Opérationnelle","Contrainte","D","Un coût maximal borne l’espace de conception. Il s’agit donc d’une contrainte."
22,5.1 Du besoin au cahier des charges ,"Une exigence impose une précision de navigation de 2 m. Dans quelle famille se situe principalement cette exigence ?","Fonctionnelle","Performance","Opérationnelle","Contrainte","B","La précision de navigation décrit le niveau de qualité attendu d’une fonction. Elle constitue donc une exigence de performance."
23,5.1 Du besoin au cahier des charges ,"Pourquoi la portée opérationnelle doit-elle être considérée comme une exigence de performance ?","Parce qu’elle définit la couleur des antennes","Parce qu’elle exprime la distance à laquelle la liaison doit rester fonctionnelle","Parce qu’elle impose une masse maximale","Parce qu’elle définit uniquement une condition réglementaire","B","La portée opérationnelle définit le niveau de performance attendu de la liaison : elle doit rester fonctionnelle jusqu’à une distance donnée."
24,5.1 Du besoin au cahier des charges ,"Quel est le rôle principal des exigences de contrainte ?","Décrire uniquement les fonctions du drone","Définir ce que le drone doit faire","Définir les limites que la conception ne doit pas dépasser","Définir uniquement les conditions météorologiques","C","Les contraintes définissent des limites telles que la masse maximale, le coût, l’encombrement ou certaines limites réglementaires."
25,5.1 Du besoin au cahier des charges ,"Pourquoi les quatre familles d’exigences doivent-elles être prises en compte dans un cahier des charges ?","Parce qu’elles permettent de couvrir les fonctions, performances, conditions d’utilisation et limites de conception","Parce qu’une seule famille suffit à définir complètement le drone","Parce que les exigences fonctionnelles remplacent toutes les autres","Parce que les contraintes ne concernent que la fabrication","A","Les quatre familles couvrent des aspects différents et complémentaires du système : ce qu’il fait, avec quelle performance, dans quelles conditions et sous quelles limites."
26,5.1 Du besoin au cahier des charges ,"Deux exigences imposent simultanément une très grande endurance et une masse très faible. Pourquoi peuvent-elles entrer en conflit ?","Parce que l’endurance et la masse sont toujours indépendantes","Parce qu’une plus grande endurance peut nécessiter davantage d’énergie et donc de masse","Parce que la masse ne peut jamais être mesurée","Parce que l’endurance est uniquement une exigence fonctionnelle","B","Une grande endurance peut nécessiter davantage de batterie. La batterie augmente la masse, ce qui peut à son tour augmenter les besoins énergétiques."
27,5.1 Du besoin au cahier des charges ,"Pourquoi une augmentation de la charge utile peut-elle entrer en conflit avec l’endurance ?","Parce qu’une charge utile plus importante peut augmenter la masse totale et les besoins énergétiques","Parce que la charge utile empêche toujours le drone de voler","Parce que l’endurance ne dépend jamais de la masse","Parce que la charge utile est une exigence réglementaire","A","Une charge utile supplémentaire augmente généralement la masse à transporter et peut donc augmenter la consommation d’énergie, ce qui peut réduire l’endurance à masse limitée."
28,5.1 Du besoin au cahier des charges ,"Quel est le rôle d’une hiérarchie entre exigences impératives et souhaitables ?","Permettre de décider quelles exigences préserver lorsqu’un compromis est nécessaire","Supprimer toutes les exigences souhaitables","Garantir que toutes les exigences seront toujours satisfaites","Remplacer la matrice de traçabilité","A","La hiérarchie permet de prendre une décision lorsque des exigences entrent en conflit et ne peuvent pas toutes être satisfaites simultanément."
29,5.1 Du besoin au cahier des charges ,"Une exigence impérative entre en conflit avec une exigence souhaitable. Quelle information du cahier des charges doit guider la décision ?","La couleur du prototype","La hiérarchie des exigences","Le fabricant du moteur","La date du premier vol","B","La hiérarchie indique quelles exigences sont prioritaires lorsque des compromis sont nécessaires."
30,5.1 Du besoin au cahier des charges ,"Que risque-t-il de se produire si les compromis entre exigences ne sont pas explicitement consignés ?","Ils disparaissent automatiquement","Ils seront reportés sur la conception et pourront conduire à un dimensionnement impossible","Toutes les exigences deviennent souhaitables","La vérification devient automatiquement inutile","B","Un compromis non décidé dans le cahier des charges réapparaîtra plus tard dans la conception, potentiellement sous la forme d’un conflit ou d’un dimensionnement impossible."
31,5.1 Du besoin au cahier des charges ,"Quels sont les deux liens fondamentaux assurés par la traçabilité d’une exigence ?","Le lien avec son fabricant et son prix","Le lien avec son besoin d’origine et le lien avec sa méthode de vérification","Le lien avec sa couleur et sa masse","Le lien avec son pilote et son opérateur","B","La traçabilité relie l’exigence à son amont, c’est-à-dire son besoin d’origine, et à son aval, c’est-à-dire sa méthode de vérification."
32,5.1 Du besoin au cahier des charges ,"Quelle information n’est pas citée comme élément minimal de la matrice de traçabilité ?","Le besoin d’origine","La famille de l’exigence","La priorité","La couleur du drone","D","La matrice comprend notamment le besoin d’origine, l’exigence, sa famille, sa priorité et sa méthode de vérification. La couleur du drone n’en fait pas partie."
33,5.1 Du besoin au cahier des charges ,"Quelle méthode peut être utilisée pour vérifier une exigence ?","Uniquement une simulation informatique","Un calcul, un essai au sol, un essai en vol ou une inspection","Uniquement un essai en vol","Uniquement l’avis du concepteur","B","Le texte cite plusieurs méthodes de vérification : calcul, essai au sol, essai en vol et inspection."
34,5.1 Du besoin au cahier des charges ,"Une exigence indique qu’un drone doit supporter une masse donnée, mais aucune méthode ne permet de vérifier cette affirmation. Quel problème présente cette exigence ?","Elle est orpheline","Elle est invérifiable","Elle est nécessairement fonctionnelle","Elle devient automatiquement une contrainte","B","Une exigence dont aucune méthode ne permet de constater la satisfaction est invérifiable et doit être reformulée."
35,5.1 Du besoin au cahier des charges ,"Quelle différence existe entre une exigence orpheline et une exigence invérifiable ?","Une exigence orpheline n’a pas de besoin d’origine identifiable, tandis qu’une exigence invérifiable ne possède pas de méthode permettant de vérifier sa satisfaction","Une exigence orpheline est toujours fonctionnelle et une exigence invérifiable est toujours opérationnelle","Une exigence orpheline est trop ambitieuse tandis qu’une exigence invérifiable est trop facile","Il n’existe aucune différence","A","Une exigence orpheline pose un problème de traçabilité en amont, tandis qu’une exigence invérifiable pose un problème de vérification en aval."
36,5.1 Du besoin au cahier des charges ,"Pourquoi la vérifiabilité est-elle considérée comme le critère décisif d’une exigence ?","Parce qu’elle permet de déterminer objectivement si l’exigence est satisfaite","Parce qu’elle permet d’augmenter automatiquement les performances","Parce qu’elle supprime les compromis","Parce qu’elle garantit que l’exigence est économiquement optimale","A","Sans méthode permettant de constater objectivement sa satisfaction, il est impossible de déterminer si l’appareil respecte réellement l’exigence."
37,5.1 Du besoin au cahier des charges ,"Quel énoncé décrit correctement une exigence nécessaire ?","Elle découle d’un besoin réel du projet","Elle doit toujours être la plus ambitieuse possible","Elle doit être choisie par le fabricant","Elle doit être indépendante de la mission","A","Une exigence nécessaire doit être justifiée par un besoin réel. Une exigence sans besoin d’origine peut inutilement alourdir la conception."
38,5.1 Du besoin au cahier des charges ,"Pourquoi une exigence irréalisable doit-elle être identifiée dès le cahier des charges ?","Parce qu’elle peut conduire à une conception impossible et qu’il vaut mieux détecter le problème avant la réalisation","Parce qu’elle devient automatiquement une exigence réglementaire","Parce qu’elle ne nécessite aucune vérification","Parce qu’elle augmente toujours l’endurance","A","Une exigence irréalisable peut rendre toute la conception impossible. Il est préférable d’identifier ce problème dès le cahier des charges."
39,5.1 Du besoin au cahier des charges ,"Un cahier des charges contient uniquement des exigences fonctionnelles comme « transmettre », « filmer » et « revenir ». Quel élément important manque principalement ?","Des exigences permettant de quantifier les performances, les conditions d’utilisation et les limites","Des noms de fabricants","Des couleurs de composants","Des procédures de maintenance uniquement","A","Les exigences fonctionnelles indiquent ce que le système doit faire, mais ne suffisent pas à définir avec quelle performance, dans quelles conditions et sous quelles limites."
40,5.1 Du besoin au cahier des charges ,"Pourquoi le cahier des charges est-il comparé au gouvernail du projet ?","Parce qu’il rassemble les exigences qui servent de référence pour les décisions de conception et la validation finale","Parce qu’il contrôle directement les moteurs","Parce qu’il remplace tous les essais","Parce qu’il contient uniquement les coûts du projet","A","Le cahier des charges sert de référence pour orienter la conception et déterminer à la fin si l’appareil répond au besoin."
41,5.1 Du besoin au cahier des charges ,"À quoi doit servir le cahier des charges à la fin du projet ?","À déterminer si l’appareil répond effectivement au besoin au travers des exigences définies","À remplacer les résultats des essais","À choisir les composants uniquement selon leur prix","À définir uniquement l’apparence du drone","A","Les exigences du cahier des charges constituent la référence permettant de juger si le système conçu répond au besoin."
42,5.1 Du besoin au cahier des charges ,"Le cahier des charges peut-il évoluer pendant un projet ?","Non, il est définitivement figé dès sa première rédaction","Oui, mais les modifications doivent être décidées et consignées de manière contrôlée","Oui, en modifiant discrètement les exigences après chaque essai","Oui, mais uniquement pour modifier la couleur du drone","B","Le cahier des charges évolue avec les connaissances acquises, mais toute modification doit être contrôlée, décidée et consignée."
43,5.1 Du besoin au cahier des charges ,"Pourquoi est-il incorrect de modifier discrètement une exigence après avoir obtenu un résultat différent de celui prévu ?","Parce que le cahier des charges ne serait plus une référence de conception mais seulement un enregistrement du résultat obtenu","Parce qu’une exigence ne peut jamais être modifiée","Parce qu’un résultat expérimental est toujours faux","Parce que les essais sont interdits pendant la conception","A","Modifier une exigence en silence pour qu’elle corresponde au résultat détruit son rôle de référence et de prescription."
44,5.1 Du besoin au cahier des charges ,"Un essai montre qu’une exigence actuelle est incompatible avec une autre exigence impérative. Quelle démarche est conforme au principe de gestion du cahier des charges ?","Ignorer le problème","Modifier secrètement l’exigence la plus gênante","Constater le conflit, décider d’une éventuelle modification puis la consigner","Supprimer les résultats de l’essai","C","Le cahier des charges peut être modifié, mais la modification doit résulter d’une décision explicite et être documentée."
45,5.1 Du besoin au cahier des charges ,"Quel enchaînement représente correctement la logique de conception décrite dans le chapitre ?","Besoin → exigences vérifiables → conception → vérification","Composants → prototype → besoin → exigences","Résultat final → besoin → cahier des charges","Essai en vol → suppression des exigences → conception","A","Le besoin est d’abord traduit en exigences vérifiables, qui servent ensuite de référence pour la conception et leur vérification."
46,5.1 Du besoin au cahier des charges ,"Quel élément permet de relier une exigence à la manière dont elle sera contrôlée ?","La méthode de vérification","La masse du composant","Le nom du fabricant","La catégorie du drone uniquement","A","La méthode de vérification indique comment constater que l’exigence est satisfaite."
47,5.1 Du besoin au cahier des charges ,"Une exigence indique « le drone doit être robuste ». Quelle modification la rendrait plus conforme aux critères d’une bonne exigence ?","Ajouter un seuil ou une condition mesurable permettant de vérifier la résistance attendue","La rendre encore plus générale","Supprimer toute condition de vérification","Remplacer « robuste » par « très robuste »","A","Une formulation qualitative comme « robuste » doit être traduite en critères mesurables et vérifiables."
48,5.1 Du besoin au cahier des charges ,"Un drone doit fonctionner sous une pluie maximale définie. Cette information sert principalement à préciser quoi ?","Une condition opérationnelle","Une fonction","Une préférence esthétique","Une méthode de traçabilité","A","La pluie admissible définit une condition environnementale dans laquelle l'appareil doit pouvoir fonctionner. Elle relève des exigences opérationnelles."
49,5.1 Du besoin au cahier des charges ,"Une exigence impose une dimension maximale pour permettre le transport du drone dans un équipement donné. Quelle famille correspond principalement à cette limite ?","Fonctionnelle","Performance","Opérationnelle","Contrainte","D","Une dimension maximale constitue une limite imposée à la conception et relève donc d’une contrainte."
50,5.1 Du besoin au cahier des charges ,"Quelle affirmation décrit le mieux la relation entre le besoin et l’exigence ?","Le besoin et l’exigence sont exactement le même objet","Le besoin exprime le problème à résoudre tandis que l’exigence traduit ce besoin en une affirmation vérifiable","L’exigence est toujours moins précise que le besoin","Le besoin ne sert jamais à la conception","B","Le besoin exprime le problème du demandeur dans ses propres termes. L’exigence traduit ensuite ce besoin sous une forme précise et vérifiable."
11,5.2 Le cycle de conception ,"Une mission est principalement dominée par l’endurance et la portée, sans besoin particulier de vol stationnaire. Quelle architecture correspond le mieux à cette exigence dominante ?","Multirotor","Voilure fixe","VTOL hybride","Octorotor","B","La voilure fixe est particulièrement adaptée aux missions dominées par l’endurance et la portée grâce à son efficacité élevée en croisière."
12,5.2 Le cycle de conception ,"Pourquoi la conception d’un drone est-elle décrite comme une boucle plutôt qu’une cascade ?","Parce que l’architecture ne doit jamais être modifiée","Parce que le dimensionnement peut révéler qu’une exigence ou une décision d’architecture doit être réexaminée","Parce que la construction doit toujours précéder le cahier des charges","Parce que toutes les étapes sont réalisées simultanément","B","La conception progresse par itérations : les résultats du dimensionnement et des vérifications peuvent conduire à revoir une architecture ou une exigence."
13,5.2 Le cycle de conception ,"Quelle décision est généralement la plus difficile à modifier une fois le projet avancé ?","Le choix d’une hélice","Le réglage d’un PID","Le choix de l’architecture","Le choix d’un connecteur","C","Le choix d’architecture conditionne une grande partie du dimensionnement, de la structure et de la configuration. Le modifier tardivement entraîne donc des reprises importantes."
14,5.2 Le cycle de conception ,"Quelle caractéristique constitue principalement l’avantage d’un multirotor ?","Une très grande efficacité énergétique en croisière","La capacité à maintenir un point fixe et à décoller ou atterrir verticalement","Une endurance toujours supérieure à celle d’une voilure fixe","L’absence de besoin de propulsion","B","Le multirotor excelle dans le vol stationnaire, le maintien de position et les opérations verticales dans des espaces restreints."
15,5.2 Le cycle de conception ,"Quel est le principal inconvénient énergétique du multirotor pour une mission longue distance ?","Il doit produire en permanence la poussée nécessaire pour porter son poids","Son aile produit trop de portance","Il ne peut pas utiliser de batterie","Il doit toujours voler à très haute vitesse","A","Le multirotor doit soutenir son poids par la poussée de ses rotors, ce qui rend le vol prolongé énergétiquement coûteux."
16,5.2 Le cycle de conception ,"Quelle est la principale limitation opérationnelle d’une voilure fixe par rapport à un multirotor ?","Elle ne peut pas produire de portance","Elle ne peut généralement pas tenir un point fixe et nécessite des conditions adaptées pour le décollage et la récupération","Elle consomme toujours plus d’énergie en croisière","Elle ne peut pas transporter de caméra","B","La voilure fixe est efficace en croisière mais ne possède pas la capacité de vol stationnaire et peut nécessiter un espace ou un dispositif adapté au lancement et à la récupération."
17,5.2 Le cycle de conception ,"Pourquoi un VTOL hybride peut-il être intéressant pour une mission combinant site de décollage confiné et longue distance ?","Parce qu’il supprime complètement les compromis entre architectures","Parce qu’il combine la capacité de décollage vertical des rotors et l’efficacité de croisière de l’aile","Parce qu’il n’utilise qu’un seul système de propulsion","Parce qu’il est toujours plus léger qu’un multirotor","B","Le VTOL hybride combine les capacités de sustentation verticale et de croisière par aile, ce qui répond aux missions nécessitant les deux."
18,5.2 Le cycle de conception ,"Lequel constitue un coût spécifique important du VTOL hybride ?","L’impossibilité de voler en croisière","La masse morte des systèmes de sustentation pendant la croisière et la complexité de transition","L’absence totale de système de propulsion","La suppression des besoins de réglage","B","Les rotors de sustentation deviennent principalement une masse morte en croisière, tandis que la transition entre les régimes de vol ajoute de la complexité."
19,5.2 Le cycle de conception ,"Une mission exige uniquement de tenir un point fixe dans un espace très confiné pendant des opérations d’inspection. Quelle exigence doit principalement orienter le choix d’architecture ?","La capacité de longue croisière","Le vol stationnaire et la précision de position","La vitesse maximale en descente","La masse du firmware","B","Lorsque le vol stationnaire et la précision de position dominent la mission, le multirotor correspond à cette exigence."
20,5.2 Le cycle de conception ,"Une voilure fixe possède une excellente efficacité en croisière mais le site d’opération ne permet ni piste, ni lancer, ni récupération organisée. Quel facteur doit être réexaminé ?","La couleur de l’appareil","La contrainte opérationnelle de décollage et de récupération","La fréquence de la radiocommande uniquement","Le nombre de capteurs uniquement","B","Une architecture efficace sur le plan énergétique n’est pas adaptée si elle ne peut pas être lancée ou récupérée dans les conditions réelles de la mission."
21,5.2 Le cycle de conception ,"Quelle configuration firmware correspond à un VTOL hybride utilisant ArduPlane ?","Q_ENABLE=0 avec FRAME_CLASS définissant les rotors","Q_ENABLE=1 avec Q_FRAME_CLASS et Q_FRAME_TYPE pour le système VTOL","FRAME_CLASS=0 avec ArduCopter uniquement","ArduPlane sans aucun paramètre spécifique au VTOL","B","Un VTOL hybride sous ArduPlane active le sous-système VTOL avec Q_ENABLE=1 et utilise notamment Q_FRAME_CLASS et Q_FRAME_TYPE pour décrire les rotors de sustentation."
22,5.3 Masse maximale au décollage et centrage ,"Quelle grandeur constitue le point de départ du dimensionnement d’un drone, car elle influence notamment la poussée, l’énergie et la structure ?","La vitesse maximale","La masse","La fréquence radio","La surface de la caméra","B","La masse influence directement la poussée nécessaire, l’énergie de mission et les contraintes structurelles."
23,5.3 Masse maximale au décollage et centrage ,"Quels sont les trois blocs principaux du bilan de masse présenté dans le chapitre ?","Structure, propulsion et avionique","Masse à vide, charge utile et batterie","Batterie, carburant et charge utile","Masse réglementaire, masse structurelle et masse aérodynamique","B","Le bilan de masse regroupe la masse à vide, la charge utile et la batterie."
24,5.3 Masse maximale au décollage et centrage ,"Une masse à vide de 2,2 kg et une masse totale de 3,4 kg donnent une fraction à vide d’environ :","35 %","50 %","65 %","85 %","C","La fraction à vide est le rapport entre la masse à vide et la masse totale : 2,2 / 3,4 ≈ 0,65, soit 65 %."
25,5.3 Masse maximale au décollage et centrage ,"Laquelle de ces propositions constitue une borne supérieure de la masse au décollage ?","La masse minimale de la charge utile","La poussée disponible","La vitesse de croisière uniquement","La position de la caméra uniquement","B","La poussée disponible limite la masse maximale que l’appareil peut soutenir avec un rapport poussée-poids suffisant. La structure et la réglementation constituent également des bornes supérieures."
26,5.3 Masse maximale au décollage et centrage ,"Comment calcule-t-on la position longitudinale du centre de gravité ?","En faisant la moyenne simple des positions de tous les composants","En divisant la somme des moments par la masse totale","En divisant la masse totale par la somme des positions","En prenant uniquement la position de la batterie","B","Le centre de gravité se calcule par la somme des moments, chaque moment étant masse multipliée par distance au datum, divisée par la masse totale."
27,5.3 Masse maximale au décollage et centrage ,"Un drone possède trois masses de 200 g, 800 g et 200 g placées respectivement à 100 mm, 300 mm et 500 mm du datum. Où se situe le centre de gravité ?","250 mm","300 mm","333 mm","400 mm","B","Le moment total vaut 200×100 + 800×300 + 200×500 = 360000 g·mm. Divisé par 1200 g, le centre de gravité est à 300 mm."
28,5.3 Masse maximale au décollage et centrage ,"Pour une voilure fixe, une marge de stabilité statique positive signifie que :","Le centre de gravité est en arrière du point neutre","Le centre de gravité est en avant du point neutre","Le centre de gravité est nécessairement confondu avec le point neutre","Le drone est nécessairement instable","B","Une marge positive correspond à un centre de gravité situé en avant du point neutre, ce qui procure une stabilité statique."
29,5.3 Masse maximale au décollage et centrage ,"Quelle plage de marge de stabilité statique est donnée comme cible usuelle dans le chapitre ?","0 à 2 % de la corde","2 à 5 % de la corde","5 à 15 % de la corde","20 à 40 % de la corde","C","Le chapitre indique une cible usuelle comprise entre 5 et 15 % de la corde moyenne aérodynamique."
30,5.3 Masse maximale au décollage et centrage ,"Un drone possède une marge de stabilité de 21 %. Quelle correction est la plus appropriée selon l’exemple ?","Avancer la batterie pour augmenter encore la marge","Reculer la batterie pour réduire la marge","Ajouter de la charge utile à l’avant sans recalcul","Augmenter uniquement la poussée maximale","B","Une marge de 21 % est supérieure à la cible de 5 à 15 %. Reculer la batterie déplace le centre de gravité vers l’arrière et réduit la marge."
31,5.3 Masse maximale au décollage et centrage ,"Pour un multirotor, quel principe remplace la notion de point neutre utilisée pour une voilure fixe ?","Le centre de gravité doit coïncider avec le centre de poussée des rotors","Le centre de gravité doit toujours être derrière les moteurs","La batterie doit être placée à l’avant","Le centre de gravité doit être situé à 15 % de la corde","A","Pour un multirotor, le point neutre n’a pas le même sens aérodynamique. Le centre de gravité doit idéalement coïncider avec le centre de poussée afin d’éviter des corrections permanentes."
32,5.3 Masse maximale au décollage et centrage ,"Un multirotor pèse 3,4 kg. Quel poids faut-il utiliser approximativement pour calculer son rapport poussée-poids avec g = 9,81 m/s² ?","3,4 N","9,81 N","33,4 N","48 N","C","Le poids vaut m×g, soit 3,4×9,81 ≈ 33,4 N."
33,5.3 Masse maximale au décollage et centrage ,"Un appareil de 3,4 kg possède quatre rotors fournissant chacun 12 N de poussée maximale. Quel est approximativement son rapport poussée-poids ?","0,72","1,00","1,44","2,00","C","La poussée totale est de 4×12 = 48 N et le poids est d’environ 33,4 N. Le rapport vaut 48/33,4 ≈ 1,44."
34,5.3 Masse maximale au décollage et centrage ,"Selon le chapitre, quel rapport poussée-poids minimal est visé pour un multirotor ou un VTOL en vol stationnaire ?","0,5","1,0","1,5","2,0 environ","D","Le chapitre indique un rapport poussée-poids d’au moins environ 2 afin de conserver une réserve de poussée pour les corrections et manœuvres."
35,5.3 Masse maximale au décollage et centrage ,"Un drone de 3,4 kg doit atteindre un rapport poussée-poids de 2. Quelle poussée totale minimale est approximativement nécessaire ?","16,7 N","33,4 N","48 N","66,8 N","D","Le poids est d’environ 33,4 N. Pour un rapport de 2, il faut environ 2×33,4 = 66,8 N de poussée totale."
36,5.3 Masse maximale au décollage et centrage ,"Si un VTOL possède quatre rotors et doit fournir environ 66,8 N de poussée totale, quelle poussée moyenne minimale par rotor faut-il viser ?","8,4 N","12 N","16,7 N","33,4 N","C","66,8 N divisés par quatre donnent environ 16,7 N par rotor."
37,5.3 Masse maximale au décollage et centrage ,"Pourquoi la masse de batterie ne peut-elle pas être considérée comme définitivement fixée lors du premier bilan de masse ?","Parce que la batterie ne possède aucune masse mesurable","Parce que l’énergie nécessaire dépend de la masse totale, qui dépend elle-même de la batterie","Parce que seule la réglementation détermine la masse de batterie","Parce que la batterie ne participe pas au centrage","B","La masse de batterie dépend de l’énergie de mission nécessaire, tandis que cette énergie dépend de la masse totale. Le dimensionnement est donc une boucle de convergence."
38,5.3 Masse maximale au décollage et centrage ,"Quelle est la principale fonction de la batterie dans le réglage du centrage ?","Elle constitue la masse mobile la plus lourde et permet de déplacer le centre de gravité","Elle définit directement le point neutre","Elle augmente toujours la marge de stabilité lorsqu’on la déplace vers l’arrière","Elle ne modifie jamais le centre de gravité","A","La batterie est généralement la masse mobile la plus importante. Son déplacement permet donc d'ajuster efficacement la position du centre de gravité."
39,5.3 Masse maximale au décollage et centrage ,"Pourquoi une marge de stabilité excessivement grande n’est-elle pas nécessairement souhaitable ?","Parce qu’elle rend l’appareil excessivement stable et plus difficile à manœuvrer","Parce qu’elle provoque toujours une perte totale de poussée","Parce qu’elle signifie nécessairement que le centre de gravité est derrière le point neutre","Parce qu’elle supprime la masse de la batterie","A","Une marge trop grande augmente la stabilité statique mais peut rendre l’appareil plus lourd à manœuvrer et plus difficile à faire tourner."
40,5.3 Masse maximale au décollage et centrage ,"Quelle vérification est recommandée avant le premier vol pour confirmer le centrage réel ?","Se fier uniquement aux positions prévues dans le modèle CAO","Effectuer une pesée réelle sur trois points","Mesurer uniquement la tension de la batterie","Vérifier uniquement la poussée maximale des moteurs","B","Les masses et leurs positions peuvent différer des estimations. Une pesée réelle sur trois points permet de confirmer le centrage avant le vol."
41,5.3 Masse maximale au décollage et centrage ,"Dans l’exemple, une erreur de placement de la batterie de 20 mm peut modifier la marge de stabilité de plusieurs points. Que montre cette observation ?","Que la position de la batterie est une grandeur sensible du centrage","Que la batterie ne doit jamais être déplacée","Que le centrage ne dépend pas de la masse","Que la marge de stabilité est indépendante de la géométrie","A","L’analyse de sensibilité montre que la position de la batterie influence fortement le centre de gravité et donc la marge de stabilité."
42,5.3 Masse maximale au décollage et centrage ,"Un bilan de masse qui ignore les connecteurs, le câblage et la visserie risque principalement de :","Surestimer la masse et améliorer artificiellement le rapport poussée-poids","Sous-estimer la masse et fausser le centrage et le dimensionnement de propulsion","Modifier uniquement la réglementation applicable","N’avoir aucun effet sur la conception","B","Même de petites masses cumulées peuvent modifier la masse totale, le centre de gravité et le rapport poussée-poids."
43,5.4 Dimensionnement de la propulsion et de l'énergie ,"Pour un multirotor en vol stationnaire idéal, si la surface totale du disque rotor est multipliée par quatre à masse constante, comment évolue approximativement la puissance induite ?","Elle est divisée par quatre","Elle est divisée par deux","Elle est multipliée par deux","Elle reste identique","B","La puissance induite idéale varie inversement avec la racine carrée de la surface de disque. Multiplier la surface par quatre divise donc la puissance par deux."
44,5.4 Dimensionnement de la propulsion et de l'énergie ,"Deux multirotors de même masse utilisent des surfaces de disque différentes. Lequel nécessite idéalement le moins de puissance induite en stationnaire ?","Celui dont la surface de disque totale est la plus grande","Celui dont la surface de disque totale est la plus petite","Ils nécessitent exactement la même puissance","Cela dépend uniquement de la tension de batterie","A","À masse et densité d’air constantes, augmenter la surface de disque réduit la vitesse induite nécessaire et donc la puissance induite idéale."
45,5.4 Dimensionnement de la propulsion et de l'énergie ,"En vol d’avancement d’un multirotor, quelle combinaison décrit correctement les principaux termes de puissance ?","Induite décroissante, profil croissante lentement, parasite croissante avec le cube de la vitesse","Induite constante, profil décroissante, parasite constante","Induite croissante avec le cube, profil constante, parasite décroissante","Les trois termes diminuent avec la vitesse","A","La puissance totale résulte notamment d’un terme induit qui décroît, d’un terme de profil qui augmente lentement et d’un terme parasite qui augmente fortement, approximativement comme le cube de la vitesse."
46,5.4 Dimensionnement de la propulsion et de l'énergie ,"Pourquoi la courbe de puissance en fonction de la vitesse présente-t-elle généralement un minimum ?","Parce que tous les termes de puissance diminuent avec la vitesse","Parce que la diminution de la puissance induite est compensée puis dépassée par l’augmentation des autres termes","Parce que la masse du drone diminue automatiquement en vol","Parce que la batterie produit davantage d’énergie à haute vitesse","B","À faible vitesse, la puissance induite domine et diminue avec l'avancement. À vitesse plus élevée, les termes de profil et surtout parasite augmentent, ce qui crée un minimum."
47,5.4 Dimensionnement de la propulsion et de l'énergie ,"Quelle vitesse correspond au minimum de puissance nécessaire en vol d’avancement ?","La vitesse d’endurance maximale","La vitesse de décrochage","La vitesse de rayon d’action maximal","La vitesse maximale structurelle","A","La vitesse au minimum de puissance correspond à la vitesse d’endurance maximale, car elle minimise la puissance consommée par unité de temps."
48,5.4 Dimensionnement de la propulsion et de l'énergie ,"Comment distingue-t-on la vitesse d’endurance maximale de la vitesse de rayon d’action maximal ?","Elles correspondent toujours exactement à la même vitesse","L’endurance maximale minimise la puissance, tandis que le rayon d’action maximal minimise l’énergie consommée par distance","Le rayon d’action maximal correspond toujours à la vitesse minimale","L’endurance maximale correspond toujours à la vitesse maximale","B","L’endurance cherche à minimiser la puissance consommée dans le temps, tandis que le rayon d’action cherche à minimiser l’énergie nécessaire pour parcourir une distance."
49,5.4 Dimensionnement de la propulsion et de l'énergie ,"Pourquoi le dimensionnement de la propulsion et de l’énergie est-il qualifié de circulaire ?","Parce que les moteurs tournent en permanence en cercle","Parce que la masse de batterie dépend de l’énergie nécessaire et que cette énergie dépend elle-même de la masse totale","Parce que la puissance ne dépend jamais de la masse","Parce que le centre de gravité tourne autour du drone","B","La batterie nécessaire dépend de l’énergie de mission, mais la batterie elle-même ajoute de la masse, ce qui modifie la puissance et l’énergie nécessaires."
50,5.4 Dimensionnement de la propulsion et de l'énergie ,"Quelle méthode permet de résoudre la circularité entre masse, batterie, puissance et énergie ?","Un calcul unique sans hypothèse initiale","Une itération jusqu’à convergence vers un point fixe","Le choix arbitraire de la plus grosse batterie disponible","La suppression de la masse de batterie du bilan","B","On part d’une estimation, on recalcule les grandeurs dépendantes, puis on répète jusqu’à ce que les résultats convergent vers un point fixe."
51,5.4 Dimensionnement de la propulsion et de l'énergie ,"Quel comportement illustre l’amplification de la boucle de dimensionnement lorsqu’on ajoute de la masse ?","Un kilogramme ajouté coûte exactement un kilogramme supplémentaire au total","Un kilogramme ajouté peut nécessiter davantage de batterie, qui ajoute elle-même de la masse","Ajouter de la masse réduit toujours la consommation","La masse ajoutée n’affecte que le centrage","B","Une masse supplémentaire augmente les besoins énergétiques et peut nécessiter une batterie supplémentaire, laquelle augmente à son tour la masse totale."
52,5.4 Dimensionnement de la propulsion et de l'énergie ,"Quel élément doit accompagner un résultat de dimensionnement sérieux ?","Une valeur unique sans hypothèse","Une plage d’incertitude et une méthode de mesure permettant de réduire cette incertitude","Uniquement le nom du moteur choisi","Une valeur arrondie sans unité","B","Un résultat de dimensionnement doit expliciter son incertitude et indiquer comment une mesure réelle permettra de la réduire."
53,5.4 Dimensionnement de la propulsion et de l'énergie ,"Pour un multirotor, quelle mesure expérimentale est particulièrement utile pour réduire l’incertitude du dimensionnement de propulsion ?","La mesure de la couleur des hélices","Un essai au banc de l’ensemble moteur-hélice","La mesure de la température extérieure uniquement","Une inspection visuelle du châssis sans mise en route","B","Un essai au banc permet de comparer la poussée, le régime, le courant et la puissance réels de l'ensemble moteur-hélice aux estimations."
54,5.4 Dimensionnement de la propulsion et de l'énergie ,"Une estimation fixe la puissance de croisière à 85 % de la puissance stationnaire sans préciser de vitesse. Quel est le principal défaut de cette approche ?","Elle ne prend pas en compte les conditions de vol auxquelles ce rapport serait valable","Elle est nécessairement trop faible pour tous les multirotors","Elle est nécessairement trop élevée pour tous les multirotors","Elle permet de déterminer directement l'autonomie sans connaître la batterie","A","La puissance de croisière dépend notamment de la vitesse et des différents termes de puissance. Un simple coefficient sans condition de vitesse ne constitue pas un modèle complet."
55,5.4 Dimensionnement de la propulsion et de l'énergie ,"Un multirotor passe d'hélices de 15 pouces à des hélices de 18 pouces sans changement de masse. Quelle tendance est attendue pour la puissance induite idéale ?","Elle augmente fortement","Elle diminue","Elle reste nécessairement identique","Elle devient nulle","B","Une hélice de plus grand diamètre augmente la surface de disque. À masse constante, une surface de disque plus grande réduit la puissance induite idéale."
56,5.4 Dimensionnement de la propulsion et de l'énergie ,"Dans un modèle de puissance en vol d’avancement, quel terme devient particulièrement pénalisant lorsque la vitesse augmente fortement ?","Le terme parasite","Le terme de masse","Le terme de centrage","Le terme réglementaire","A","La puissance parasite augmente approximativement avec le cube de la vitesse, ce qui devient très pénalisant à vitesse élevée."
57,5.4 Dimensionnement de la propulsion et de l'énergie ,"Si deux calculs de dimensionnement partant de valeurs initiales différentes convergent vers le même résultat final, que cela suggère-t-il ?","Que le calcul est nécessairement faux","Que le point fixe obtenu est indépendant du point de départ dans les conditions étudiées","Que la batterie n’a aucune influence sur la masse","Que l’architecture n’a aucune importance","B","L’indépendance du point fixe vis-à-vis du point de départ constitue un élément de validation de la convergence du calcul."
58,"5.5 Étude de cas, voilure fixe et VTOL","Quelle est la grandeur de départ privilégiée pour dimensionner une voilure fixe ?","Le rapport poussée-poids","La charge alaire","La puissance du moteur VTOL","La capacité de la batterie uniquement","B","La charge alaire, c’est-à-dire le poids rapporté à la surface de l’aile, conditionne notamment la vitesse de décrochage."
59,"5.5 Étude de cas, voilure fixe et VTOL","Quel est l’effet général d’une charge alaire élevée sur une voilure fixe ?","Elle conduit à une vitesse de décrochage plus élevée","Elle supprime totalement la traînée","Elle permet toujours une vitesse de vol plus faible","Elle rend inutile le dimensionnement de la propulsion","A","Une charge alaire élevée augmente la vitesse nécessaire pour maintenir la portance et conduit donc à une vitesse de décrochage plus élevée."
60,"5.5 Étude de cas, voilure fixe et VTOL","Quel est le principal avantage d’une faible charge alaire ?","Elle permet généralement un appareil plus lent et plus docile","Elle augmente toujours la vitesse maximale","Elle supprime la nécessité d’une aile","Elle impose systématiquement une batterie plus lourde","A","Une faible charge alaire permet de voler à plus faible vitesse et donne un comportement plus docile."
61,"5.5 Étude de cas, voilure fixe et VTOL","Dans le modèle présenté, de quoi dépend principalement la puissance de croisière d’une voilure fixe ?","Du poids, de la vitesse, de la finesse et du rendement de la chaîne propulsive","Uniquement du nombre de rotors de sustentation","Uniquement de la tension de la batterie","De la masse de la caméra uniquement","A","La puissance de croisière est reliée au poids et à la vitesse, divisés par la finesse et corrigés par le rendement propulsif."
610,"5.5 Étude de cas, voilure fixe et VTOL","Quelle différence fondamentale distingue le dimensionnement énergétique d’une voilure fixe de celui d’un multirotor ?","La voilure fixe ne possède pas de terme de puissance de vol stationnaire","La voilure fixe consomme toujours plus d’énergie","Le multirotor ne dépend pas de sa masse","La voilure fixe n’a pas besoin de propulsion","A","En croisière, la voilure fixe produit sa portance avec l’aile et ne doit pas maintenir tout son poids par une poussée verticale de rotors."
62,"5.5 Étude de cas, voilure fixe et VTOL","Sur quels deux régimes un VTOL doit-il être dimensionné ?","Stationnaire et croisière","Décollage et recharge uniquement","Croisière et atterrissage uniquement","Stationnaire uniquement","A","Le VTOL doit satisfaire à la fois les contraintes du vol stationnaire et celles de la croisière."
63,"5.5 Étude de cas, voilure fixe et VTOL","En stationnaire, quel principe de dimensionnement s’applique aux rotors de sustentation d’un VTOL ?","La logique de la voilure fixe","La logique du multirotor","La logique d’un planeur","La logique d’un système uniquement thermique","B","En stationnaire, les rotors portent tout le poids du VTOL. Le dimensionnement suit donc la logique du multirotor."
64,"5.5 Étude de cas, voilure fixe et VTOL","En croisière, quel principe de dimensionnement s’applique principalement à un VTOL ?","La logique de la voilure fixe","La logique d’un multirotor en stationnaire","Le rapport de transmission radio","La masse réglementaire uniquement","A","En croisière, l’aile produit la portance et la puissance nécessaire suit la logique de la voilure fixe."
65,"5.5 Étude de cas, voilure fixe et VTOL","Pourquoi le VTOL possède-t-il une masse morte supplémentaire en croisière ?","Parce que les rotors de sustentation et leurs supports ne sont plus nécessaires pour produire la portance en croisière","Parce que la batterie cesse de fonctionner","Parce que l’aile devient plus lourde en vol","Parce que la propulsion de croisière devient inutile","A","Les rotors de sustentation servent principalement au vol vertical mais restent embarqués pendant la croisière."
66,"5.5 Étude de cas, voilure fixe et VTOL","Le stationnaire consomme 494 W pendant 120 secondes. Quelle énergie consomme-t-il approximativement ?","8,2 Wh","16,5 Wh","59,3 Wh","494 Wh","B","L’énergie vaut puissance × temps. 494 × 120 / 3600 ≈ 16,5 Wh."
67,"5.5 Étude de cas, voilure fixe et VTOL","La croisière consomme 99 W pendant 4000 secondes. Quelle énergie consomme-t-elle approximativement ?","27,5 Wh","66 Wh","110 Wh","396 Wh","C","99 × 4000 / 3600 ≈ 110 Wh."
68,"5.5 Étude de cas, voilure fixe et VTOL","Dans l’exemple, pourquoi la croisière fournit-elle l’essentiel de l’énergie malgré une puissance environ cinq fois plus faible que celle du stationnaire ?","Parce que la croisière dure beaucoup plus longtemps","Parce que la puissance du stationnaire n’est pas réelle","Parce que l’énergie ne dépend pas du temps","Parce que la batterie consomme moins en croisière par définition","A","L’énergie est le produit de la puissance par le temps. La croisière dure environ 4000 secondes contre seulement 120 secondes de stationnaire."
69,"5.5 Étude de cas, voilure fixe et VTOL","Dans l’exemple, quelle part approximative de l’énergie totale est consommée par la croisière ?","Environ 10 %","Environ 50 %","Environ 87 %","Environ 100 %","C","La croisière représente environ 110,5 Wh sur 127 Wh avant réserve, soit environ 87 %."
70,"5.5 Étude de cas, voilure fixe et VTOL","Pourquoi cherche-t-on à réduire le temps de stationnaire d’un VTOL sur une mission de distance ?","Parce que sa puissance instantanée est élevée","Parce que sa puissance est toujours inférieure à celle de la croisière","Parce que le stationnaire ne consomme aucune énergie","Parce que le temps de croisière devient alors inutile","A","Le stationnaire demande une puissance élevée. Même si son énergie totale reste faible sur la mission, il est intéressant de limiter sa durée."
71,"5.5 Étude de cas, voilure fixe et VTOL","Lors d’une mission de distance, quelle caractéristique de l’aile devient particulièrement importante pour l’énergie consommée en croisière ?","La finesse","Le nombre de rotors de sustentation","La masse de la caméra uniquement","La fréquence de la radiocommande","A","La finesse intervient directement dans la puissance de croisière et constitue donc une hypothèse majeure du dimensionnement énergétique."
72,"5.5 Étude de cas, voilure fixe et VTOL","Dans la boucle de convergence du VTOL, quelle est la première hypothèse généralement introduite ?","Une masse de batterie supposée","Une panne moteur","Une vitesse de vent inconnue","Une masse nulle","A","On part d’une masse de batterie supposée, puis on recalcule la masse totale, la puissance et l’énergie nécessaires."
73,"5.5 Étude de cas, voilure fixe et VTOL","Que fait-on lorsque la masse de batterie calculée diffère de la masse supposée dans l’itération précédente ?","On arrête immédiatement le dimensionnement","On recommence la boucle avec la nouvelle masse de batterie","On supprime la réserve d’énergie","On change automatiquement d’architecture","B","La nouvelle masse de batterie modifie la masse totale et donc les besoins énergétiques. La boucle est répétée jusqu’à convergence."
74,"5.5 Étude de cas, voilure fixe et VTOL","Que signifie le point fixe dans la boucle de dimensionnement ?","La batterie est retirée du bilan de masse","La masse de batterie calculée devient cohérente avec celle utilisée pour calculer les besoins énergétiques","La puissance de croisière devient nulle","Le drone n’a plus besoin de réserve","B","Au point fixe, les hypothèses de masse et les besoins énergétiques se correspondent de manière cohérente."
75,"5.5 Étude de cas, voilure fixe et VTOL","Pourquoi la boucle de convergence finit-elle par produire des corrections de plus en plus faibles dans l’exemple ?","Parce que chaque ajout de batterie supplémentaire génère un besoin énergétique supplémentaire dont l’incrément décroît","Parce que la masse cesse physiquement d’exister","Parce que la batterie perd volontairement sa capacité","Parce que la puissance devient indépendante de la masse","A","La boucle amplifie la masse, mais les incréments successifs diminuent jusqu’à stabiliser la solution."
76,"5.5 Étude de cas, voilure fixe et VTOL","Dans l’étude de cas, quelle masse au décollage converge pour le VTOL d’inspection ?","Environ 2,5 kg","Environ 2,7 kg","Environ 3,35 kg","Environ 4,5 kg","C","L’exemple indique une masse au décollage convergée d’environ 3,35 kg."
77,"5.5 Étude de cas, voilure fixe et VTOL","Quelle masse de batterie est obtenue à la convergence dans l’étude de cas ?","500 g","650 g","847 g environ","1,2 kg","C","L’énergie avec réserve conduit à environ 847 g de batterie avec une énergie massique de 180 Wh/kg."
78,"5.5 Étude de cas, voilure fixe et VTOL","Pourquoi la voilure fixe pure est-elle plus légère que le VTOL dans la comparaison donnée ?","Elle n’embarque pas les rotors de sustentation et ne doit pas fournir l’énergie du vol vertical","Elle possède toujours une batterie deux fois plus puissante","Elle n’a aucune charge utile","Elle n’a pas besoin de propulsion","A","La voilure fixe pure évite la masse des systèmes de sustentation verticale et l’énergie nécessaire aux phases de vol vertical."
79,"5.5 Étude de cas, voilure fixe et VTOL","Dans la comparaison fournie, quelle est approximativement la masse convergée de la voilure fixe pure pour la même mission ?","1,5 kg","2,7 kg","3,35 kg","4,2 kg","B","L’étude indique une masse inférieure à environ 2,7 kg pour la voilure fixe pure."
80,"5.5 Étude de cas, voilure fixe et VTOL","Quel est le principal prix à payer pour conserver la capacité de décollage vertical dans l’étude de cas ?","Environ 650 g supplémentaires et une consommation énergétique supplémentaire","Une suppression complète de l’aile","Une réduction obligatoire de la charge utile à zéro","Une suppression de toute propulsion de croisière","A","Le VTOL est environ 650 g plus lourd dans la comparaison, principalement à cause des systèmes nécessaires au vol vertical et de leurs effets sur le dimensionnement."
81,"5.5 Étude de cas, voilure fixe et VTOL","Dans l’analyse de sensibilité, que se passe-t-il lorsque la finesse passe de 12 à 9 ?","La masse diminue fortement","La masse au décollage augmente et la batterie devient nettement plus lourde","La puissance de stationnaire devient nulle","La mission devient automatiquement plus courte","B","La dégradation de la finesse augmente fortement les besoins énergétiques de croisière et amplifie cet effet dans la boucle de convergence."
82,"5.5 Étude de cas, voilure fixe et VTOL","Quelle hypothèse est identifiée comme dominante dans l’analyse de sensibilité de l’étude de cas ?","La finesse","La couleur du fuselage","La fréquence radio","La position de l’antenne","A","Le texte identifie la finesse comme l’hypothèse dominante, car la boucle de dimensionnement amplifie fortement ses variations."
83,"5.5 Étude de cas, voilure fixe et VTOL","Pourquoi une finesse optimiste peut-elle conduire à un dimensionnement faussement favorable ?","Parce qu’elle sous-estime les besoins énergétiques de croisière et donc la masse de batterie nécessaire","Parce qu’elle augmente artificiellement la masse de structure","Parce qu’elle empêche le calcul du centrage","Parce qu’elle augmente automatiquement la puissance de stationnaire","A","Une finesse supposée trop élevée réduit artificiellement la puissance et l’énergie de croisière calculées, ce qui peut conduire à une batterie et une masse sous-estimées."
84,"5.5 Étude de cas, voilure fixe et VTOL","Pourquoi ne faut-il pas arrêter la boucle de dimensionnement après une seule itération ?","Parce que la masse de batterie calculée n’est pas encore nécessairement cohérente avec la masse totale utilisée dans le calcul","Parce qu’une seule itération donne toujours une batterie vide","Parce que le rapport poussée-poids devient automatiquement nul","Parce que la voilure fixe ne peut être dimensionnée qu’après cinq itérations exactement","A","Une première estimation de batterie modifie la masse totale. Il faut donc recalculer les besoins et répéter jusqu’au point fixe."
85,"5.5 Étude de cas, voilure fixe et VTOL","Dans l’étude de cas, comment vérifier la contrainte de poussée après convergence de la masse ?","Comparer la poussée disponible au poids correspondant à la masse convergée","Comparer uniquement la capacité de la batterie à la charge utile","Mesurer uniquement la vitesse de croisière","Comparer la masse de l’aile à la masse de la caméra","A","La masse convergée détermine le poids, qui permet ensuite de vérifier le rapport poussée-poids requis pour les rotors de sustentation."
86,"5.5 Étude de cas, voilure fixe et VTOL","Quelle conclusion générale l’étude de cas permet-elle de tirer sur le choix entre voilure fixe et VTOL ?","Le VTOL est toujours supérieur","La voilure fixe est toujours supérieure","Le choix dépend du besoin de décollage vertical et du coût accepté en masse et en énergie","Les deux architectures ont nécessairement la même masse","C","Le VTOL apporte la capacité de décollage vertical au prix d’une masse et d’une énergie supplémentaires. Si cette capacité n’est pas nécessaire, la voilure fixe peut être plus légère et efficace."
87,5.6 Nomenclature et montage ,"Un moteur appelle 22 A à la poussée maximale. On impose une marge de sécurité d’un tiers sur le courant de pointe. Quel courant minimal doit pouvoir supporter l’ESC ?","Au moins 22 A, car l’ESC doit seulement égaler le courant maximal du moteur","Au moins 29 A, car un tiers de 22 A correspond à environ 7 A ajoutés au courant moteur","Au moins 33 A, car la marge d’un tiers conduit à 22 × 1,5 = 33 A","Au moins 44 A, car la marge doit toujours être égale au double du courant moteur","B","Un tiers de 22 A vaut environ 7,3 A. En ajoutant cette marge au courant de pointe, on obtient environ 29,3 A. L’ESC doit donc pouvoir supporter au moins environ 29 A."
89,5.6 Nomenclature et montage ,"Une batterie de 6,8 Ah doit fournir 88 A en pointe. Quel est le régime de décharge demandé à la batterie ?","Environ 6,8 C, obtenu en divisant la capacité par le courant","Environ 13 C, obtenu en divisant 88 A par 6,8 Ah","Environ 20 C, car toute batterie destinée à un drone doit être au minimum 20 C","Environ 88 C, car le courant de pointe est de 88 A","B","Le régime de décharge se calcule par I/C, soit 88 / 6,8 ≈ 12,9 C. La batterie doit donc pouvoir fournir environ 13 C pour cette pointe."
90,5.6 Nomenclature et montage ,"Une nomenclature indique qu’un moteur satisfait une exigence de 16,4 N de poussée par rotor. Quelle information permet principalement de justifier ce choix ?","La couleur et la marque du moteur","La table de poussée du moteur avec l’hélice et les conditions d’essai correspondantes","Le fait que le moteur soit utilisé sur d’autres drones","La masse du moteur uniquement","B","La poussée annoncée doit être traçable jusqu’à une donnée technique vérifiable. Une table de poussée précisant le moteur, l’hélice et les conditions d’essai permet de justifier le choix."
91,5.6 Nomenclature et montage ,"Une batterie de 6S est choisie pour un système dont les ESC acceptent la tension correspondante. Quel contrôle supplémentaire est indispensable avant le montage ?","Vérifier uniquement la capacité en Ah","Vérifier uniquement le poids de la batterie","Vérifier que les moteurs, ESC et autres éléments électriques sont compatibles avec la tension et le courant du système","Vérifier uniquement que la batterie possède le même connecteur que le contrôleur de vol","C","La compatibilité électrique ne dépend pas uniquement de la tension des ESC. Il faut vérifier l’ensemble de la chaîne : tension, courant, moteurs, ESC, alimentation et autres composants concernés."
92,5.6 Nomenclature et montage ,"Un système comporte quatre moteurs consommant chacun 22 A à leur pointe. Quel courant total de pointe doit être considéré pour le dimensionnement de l’alimentation principale ?","22 A, car le courant est identique pour chaque moteur","44 A, car seuls deux moteurs fonctionnent simultanément","66 A, car il faut additionner trois moteurs","88 A, car les quatre moteurs peuvent simultanément appeler 22 A","D","Le courant total de pointe est la somme des pointes des quatre moteurs : 4 × 22 = 88 A."
93,5.6 Nomenclature et montage ,"Pourquoi la section du câble principal doit-elle être vérifiée à partir du courant de pointe ?","Parce que le câble ne conduit jamais le courant moyen","Parce qu’un courant élevé peut provoquer un échauffement et une chute de tension importantes dans un câble sous-dimensionné","Parce qu’un câble plus gros augmente automatiquement la tension de la batterie","Parce que la section du câble détermine directement le protocole de communication","B","Un courant important dans un câble trop petit augmente les pertes par effet Joule et peut provoquer un échauffement ainsi qu’une chute de tension excessive."
94,5.6 Nomenclature et montage ,"Après sélection des composants, la masse réelle totale dépasse de 200 g la masse utilisée dans le dimensionnement initial. Que faut-il faire en priorité ?","Ignorer l’écart, car 200 g ne modifient jamais un dimensionnement","Remplacer la batterie par une batterie plus légère sans refaire aucun calcul","Reporter les masses réelles et vérifier la masse au décollage, le centrage, la poussée et l’énergie ; reboucler si nécessaire","Ajouter simplement 200 g à la masse sans vérifier les autres grandeurs","C","Une variation de masse peut modifier le poids, la poussée nécessaire, l’énergie consommée et le centrage. Le dimensionnement doit donc être vérifié et éventuellement recalculé."
95,5.6 Nomenclature et montage ,"Lors du montage, pourquoi les hélices sont-elles installées en dernier ?","Parce qu’elles doivent être équilibrées après le premier vol","Parce qu’un moteur ne peut pas fonctionner sans hélice pendant les calibrations","Parce qu’un appareil alimenté avec des hélices montées peut devenir dangereux pour l’opérateur","Parce que les hélices ne doivent jamais être montées sur un drone","C","Les hélices en rotation constituent un danger mécanique important. Les essais électriques et les vérifications du sens de rotation doivent donc être réalisés sans hélices."
96,5.6 Nomenclature et montage ,"Quelle vérification doit être réalisée avant la première mise sous tension après soudage du système de puissance ?","Augmenter immédiatement les gaz pour vérifier la poussée","Mesurer l’absence de court-circuit et contrôler les soudures et connexions","Installer les hélices et effectuer un décollage automatique","Modifier les paramètres de vol avant de vérifier le câblage","B","Avant d’alimenter le système, il faut vérifier les connexions, les soudures et l’absence de court-circuit afin d’éviter d’endommager les composants."
97,5.6 Nomenclature et montage ,"Pourquoi teste-t-on le sens de rotation des moteurs sans hélices ?","Pour vérifier la direction de rotation sans exposer l’opérateur aux hélices en mouvement","Pour augmenter la poussée disponible avant le montage","Pour mesurer directement l’énergie de la batterie","Pour déterminer automatiquement le centre de gravité","A","Le test sans hélices permet de vérifier la direction de rotation tout en limitant le risque mécanique pour l’opérateur."
98,5.6 Nomenclature et montage ,"Un composant est mécaniquement compatible mais son protocole de communication n’est pas supporté par le système. Quelle conclusion faut-il tirer ?","Le montage reste compatible puisque seule la mécanique compte","Le composant est compatible si sa masse est correcte","La compatibilité est insuffisante : l’axe des données n’est pas respecté","Il suffit d’augmenter la tension d’alimentation","C","La compatibilité d’un système ne se limite pas à la mécanique. Les interfaces et protocoles de communication doivent également être compatibles."
99,5.6 Nomenclature et montage ,"Les trois axes de compatibilité à vérifier avant le montage sont :","Mécanique, thermique et aérodynamique","Mécanique, électrique et données","Électrique, réglementaire et esthétique","Masse, couleur et protocole radio","B","La compatibilité doit être vérifiée selon trois axes principaux : mécanique, électrique et données."
100,5.6 Nomenclature et montage ,"Un ESC est donné pour 40 A et le moteur peut appeler 22 A en pointe. Quelle affirmation est correcte ?","L’ESC est insuffisant car il doit être exactement égal à 22 A","L’ESC dispose d’une marge importante par rapport au courant de pointe du moteur","L’ESC doit être remplacé par un modèle de 22 A pour éviter les pertes","L’ESC doit être dimensionné à 88 A car quatre moteurs sont présents","B","Un ESC de 40 A possède une marge importante par rapport au courant de pointe de 22 A du moteur. Cette marge contribue à éviter un fonctionnement trop proche de la limite."
101,5.6 Nomenclature et montage ,"Pourquoi la compatibilité électrique est-elle particulièrement critique dans une nomenclature ?","Parce qu’une incompatibilité électrique peut provoquer une surchauffe, une chute de tension ou endommager un composant","Parce qu’elle concerne uniquement les communications série","Parce qu’elle n’a aucun effet sur la sécurité du système","Parce qu’une incompatibilité électrique empêche uniquement le montage mécanique","A","Une incompatibilité électrique peut entraîner des conditions dangereuses ou destructrices : courant excessif, tension inadéquate, surchauffe ou chute de tension."
102,5.6 Nomenclature et montage ,"Une batterie de 6,8 Ah est donnée pour 20 C. Quel courant théorique maximal correspond à ce régime ?","13,6 A","68 A","136 A","200 A","C","Le courant théorique maximal est obtenu par I = C × capacité. Ici : 20 × 6,8 = 136 A."
103,5.6 Nomenclature et montage ,"Le courant total de pointe du système est de 88 A et la batterie peut théoriquement fournir 136 A. Quelle conclusion est correcte concernant ce seul critère ?","La batterie est insuffisante car 136 A est inférieur à 88 A","La batterie dispose d’une marge de courant par rapport à la pointe de 88 A","La batterie ne peut fournir que 20 A car elle fait 6,8 Ah","Le régime C n’a aucun rapport avec le courant disponible","B","La capacité théorique de 136 A est supérieure à la pointe demandée de 88 A. Il existe donc une marge de courant sur ce critère, sous réserve des autres contraintes réelles de la batterie."
104,5.6 Nomenclature et montage ,"Pourquoi chaque composant de la nomenclature doit-il être relié à une exigence du dimensionnement ?","Pour pouvoir justifier techniquement le choix du composant et assurer la traçabilité de la conception","Pour augmenter automatiquement la puissance du drone","Pour éviter d’avoir à vérifier les composants","Pour permettre de choisir les composants uniquement selon leur prix","A","Le lien entre composant et exigence permet de comprendre pourquoi le composant a été sélectionné et de vérifier que le choix répond effectivement au besoin."
105,5.6 Nomenclature et montage ,"Une batterie réelle pèse 900 g alors que le dimensionnement prévoyait 850 g. Quelle conséquence faut-il examiner en premier ?","Uniquement la couleur de la batterie","L’augmentation de masse totale et ses effets sur la poussée, l’énergie et le centrage","Uniquement le protocole CRSF","Aucune conséquence, car la masse de la batterie n’intervient pas dans le dimensionnement","B","La batterie est une masse importante du système. Une augmentation de 50 g peut modifier la masse totale, le centrage et les besoins de propulsion et d’énergie."
106,5.6 Nomenclature et montage ,"Pourquoi le montage mécanique doit-il généralement précéder le câblage électrique ?","Pour permettre de vérifier la fixation et l’implantation des composants avant de réaliser le câblage définitif","Parce que les câbles ne peuvent jamais être installés sur un appareil démonté","Pour augmenter la tension disponible","Parce que le contrôleur de vol doit toujours être installé avant le frame","A","Il est préférable de valider l’implantation et la fixation mécanique avant de réaliser le câblage définitif afin d’éviter des reprises inutiles."
107,5.6 Nomenclature et montage ,"Une nomenclature complète doit notamment contenir :","Uniquement le nom et le prix des composants","Le composant, sa spécification, sa quantité, sa masse, sa source, l’exigence satisfaite et la vérification de compatibilité","Uniquement les composants électroniques","Uniquement les composants déjà montés","B","Une nomenclature utile à la conception doit permettre d’identifier les composants, leurs caractéristiques, leur quantité, leur masse, leur origine et le lien avec les exigences du dimensionnement."
108,5.6 Nomenclature et montage ,"Un quadrirotor possède quatre moteurs. Chaque moteur peut fournir 18 N de poussée maximale. La masse totale est de 3,2 kg. Quel est approximativement son rapport poussée-poids ?","Environ 0,57","Environ 1,15","Environ 2,30","Environ 5,65","C","La poussée totale vaut 4 × 18 = 72 N. Le poids vaut 3,2 × 9,81 ≈ 31,4 N. Le rapport poussée-poids vaut donc 72 / 31,4 ≈ 2,30."
109,5.6 Nomenclature et montage ,"Un système demande 80 A en pointe. On veut une marge de 25 % sur le calibre de l’élément de puissance concerné. Quel calibre minimal théorique faut-il viser ?","80 A","90 A","100 A","125 A","C","Une marge de 25 % donne 80 × 1,25 = 100 A. Le calibre minimal théorique est donc de 100 A."
110,5.6 Nomenclature et montage ,"Un moteur consomme 18 A à son régime de fonctionnement et 24 A à la poussée maximale. Pour dimensionner l’ESC, quelle valeur doit principalement servir de référence ?","0 A, puisque le courant varie pendant le vol","18 A uniquement, car seul le courant nominal compte","24 A, car le courant de pointe doit être supporté avec une marge appropriée","La capacité de la batterie en Ah uniquement","C","Le dimensionnement de l’ESC doit tenir compte du courant maximal que le moteur peut demander. Une marge doit ensuite être ajoutée au courant de pointe."
111,5.6 Nomenclature et montage ,"Une batterie de 5 Ah donnée pour 25 C peut théoriquement fournir quel courant maximal ?","5 A","20 A","25 A","125 A","D","Le courant théorique maximal est I = capacité × régime C = 5 × 25 = 125 A."
112,5.6 Nomenclature et montage ,"Un drone de 3,5 kg doit avoir un rapport poussée-poids de 2. Quel est le poids approximatif de l’appareil et quelle poussée totale faut-il viser ?","34,3 N de poids et environ 68,6 N de poussée totale","17,5 N de poids et environ 35 N de poussée totale","68,6 N de poids et environ 34,3 N de poussée totale","35 N de poids et environ 17,5 N de poussée totale","A","Le poids vaut 3,5 × 9,81 ≈ 34,3 N. Pour un rapport poussée-poids de 2, la poussée totale nécessaire est environ 2 × 34,3 = 68,6 N."
113,5.6 Nomenclature et montage ,"Un quadrirotor doit fournir 68,6 N de poussée totale pour atteindre son rapport poussée-poids cible. Quelle poussée moyenne minimale doit fournir chaque rotor ?","8,6 N","17,2 N","34,3 N","68,6 N","B","Avec quatre rotors, la poussée moyenne nécessaire par rotor est 68,6 / 4 ≈ 17,15 N, soit environ 17,2 N."
114,5.6 Nomenclature et montage ,"Une nomenclature sélectionne une batterie de 850 g au lieu des 800 g prévus. Après intégration, la masse totale dépasse la limite de conception. Quelle démarche est correcte ?","Conserver la batterie sans rien modifier puisque la différence est faible","Retirer la charge utile sans refaire aucun calcul","Recalculer le bilan de masse et vérifier à nouveau énergie, poussée, centrage et contraintes avant de valider la configuration","Installer immédiatement les hélices pour vérifier si le drone peut décoller","C","La masse réelle doit être intégrée au dimensionnement. Si elle provoque un dépassement de la limite, il faut réexaminer les différents compromis avant de valider la configuration."
115,5.6 Nomenclature et montage ,"Lors d’un contrôle avant alimentation, une mesure révèle une continuité anormale entre les rails positif et négatif de puissance. Que faut-il faire ?","Alimenter quand même pendant quelques secondes","Installer les hélices avant de poursuivre","Identifier et corriger le problème avant toute mise sous tension","Augmenter la tension de la batterie pour éliminer le défaut","C","Une continuité anormale entre le positif et le négatif peut indiquer un court-circuit ou un défaut de câblage. Le problème doit être identifié et corrigé avant toute alimentation."
22,5.2 Le cycle de conception ,"Pourquoi le choix d’architecture doit-il intervenir avant le dimensionnement détaillé ?","Parce que le dimensionnement doit porter sur une architecture définie","Parce que le dimensionnement ne dépend jamais de l’architecture","Parce que l’architecture est choisie après le premier vol","Parce que les exigences n’ont aucun rapport avec l’architecture","A","Le dimensionnement doit avoir un objet clairement défini. L’architecture constitue donc une décision structurante prise suffisamment tôt avant le dimensionnement détaillé."
23,5.2 Le cycle de conception ,"Pourquoi le gel de l’architecture doit-il être réalisé avec soin ?","Parce qu’une architecture est toujours impossible à modifier","Parce qu’un changement d’architecture tardif peut remettre en cause une grande partie de la conception","Parce qu’il empêche toute modification du cahier des charges","Parce qu’il concerne uniquement le firmware","B","Le choix d’architecture conditionne de nombreux éléments du système. Le modifier tardivement peut donc entraîner d’importantes reprises de conception."
24,5.2 Le cycle de conception ,"Quelle situation illustre correctement une conception par itérations ?","Le dimensionnement révèle qu’une exigence n’est pas satisfaite, ce qui conduit à revoir l’architecture ou l’exigence","L’architecture est choisie une fois pour toutes sans vérification","La construction est terminée avant toute analyse","Le cahier des charges est supprimé après le premier calcul","A","La conception est une boucle : les résultats obtenus peuvent conduire à revenir sur une décision précédente afin de faire converger le projet."
25,5.2 Le cycle de conception ,"Pourquoi le choix d’un moteur est-il généralement plus facile à modifier que le passage d’un multirotor à une voilure fixe ?","Parce que le moteur n’a aucune influence sur la conception","Parce que le changement d’architecture remet en cause de nombreux éléments du système","Parce qu’une voilure fixe n’utilise jamais de moteur","Parce qu’un moteur est toujours un composant standard","B","Changer d’architecture peut modifier la structure, la propulsion, le contrôle, le firmware, les performances et le dimensionnement global."
26,5.2 Le cycle de conception ,"Quel est le principal objectif des itérations de conception ?","Faire converger progressivement le système vers les exigences","Éviter toute vérification","Empêcher toute modification de l’architecture","Remplacer le cahier des charges","A","Les itérations permettent de confronter les choix aux exigences et de corriger progressivement les décisions jusqu’à obtenir une solution cohérente."
27,5.2 Le cycle de conception ,"Un dimensionnement montre qu’une architecture ne peut pas satisfaire une exigence majeure. Quelle réaction correspond au cycle de conception ?","Ignorer le résultat","Revenir sur l’architecture ou examiner l’exigence concernée","Construire immédiatement le prototype","Supprimer automatiquement l’exigence","B","Le cycle de conception permet de remonter dans les décisions lorsque les résultats montrent qu’une exigence n’est pas satisfaite."
28,5.2 Le cycle de conception ,"Quel énoncé décrit le mieux le rôle de l’exigence dominante dans le choix d’architecture ?","Elle permet d’orienter le choix vers l’architecture qui répond le mieux à la contrainte principale de la mission","Elle impose toujours un multirotor","Elle impose toujours une voilure fixe","Elle est indépendante des conditions opérationnelles","A","L’architecture découle de l’exigence dominante, mais aussi des contraintes opérationnelles qui déterminent si cette architecture est réellement utilisable."
29,5.2 Le cycle de conception ,"Une mission nécessite de filmer longuement une scène depuis une position presque fixe. Quelle caractéristique est déterminante dans le choix d’architecture ?","L’efficacité de croisière uniquement","La capacité de vol stationnaire et de maintien de position","La nécessité d’une longue piste","La capacité à voler uniquement en descente","B","Une mission nécessitant une position fixe exploite directement l’un des principaux avantages du multirotor."
30,5.2 Le cycle de conception ,"Pourquoi une voilure fixe peut-elle avoir une endurance supérieure à celle d’un multirotor de masse comparable ?","Parce qu’elle n’utilise aucune énergie","Parce que son aile produit efficacement la portance pendant la croisière","Parce qu’elle reste constamment en vol stationnaire","Parce qu’elle utilise toujours plusieurs fois plus de moteurs","B","En croisière, l’aile produit la portance avec une efficacité élevée, ce qui réduit la puissance nécessaire par rapport au maintien du poids uniquement par les rotors."
31,5.2 Le cycle de conception ,"Dans le modèle simplifié présenté, de quoi dépend notamment la puissance de croisière d’une voilure fixe ?","Du poids, de la vitesse et de la finesse","Uniquement de la masse de la batterie","Uniquement du nombre de moteurs","Uniquement de l’altitude","A","Le texte donne l’ordre de grandeur P ≈ poids × vitesse / finesse. Ces trois grandeurs interviennent donc directement dans cette estimation."
32,5.2 Le cycle de conception ,"Une voilure fixe possède une finesse de 10. Dans le modèle simplifié présenté, que représente cette valeur ?","Un rapport caractérisant son efficacité aérodynamique en croisière","La tension maximale de la batterie","Le nombre maximal de moteurs","La vitesse maximale de descente","A","La finesse caractérise l’efficacité aérodynamique et intervient dans l’estimation de la puissance de croisière."
33,5.2 Le cycle de conception ,"Dans le modèle P ≈ W × V / finesse, que se passe-t-il à poids et vitesse identiques lorsque la finesse augmente ?","La puissance estimée de croisière diminue","La puissance estimée double toujours","La puissance devient indépendante de la finesse","La puissance augmente nécessairement","A","La puissance est inversement proportionnelle à la finesse dans ce modèle simplifié : une finesse plus élevée réduit la puissance nécessaire à vitesse et poids constants."
34,5.2 Le cycle de conception ,"Pourquoi l’écart énergétique entre multirotor et voilure fixe peut-il devenir déterminant pour une mission longue distance ?","Parce que la différence de puissance nécessaire peut se traduire par un écart important d’énergie consommée sur la distance","Parce que les deux architectures consomment exactement la même énergie","Parce que le multirotor ne peut jamais avancer","Parce que la voilure fixe ne possède aucune masse","A","Pour une mission dominée par la distance ou l’endurance, l’efficacité énergétique en croisière peut avoir un impact majeur sur l’énergie nécessaire à la mission."
35,5.2 Le cycle de conception ,"Quel facteur physique explique principalement la consommation énergétique élevée du multirotor en vol stationnaire ?","Il doit maintenir son poids par une poussée produite continuellement par ses rotors","Son aile crée trop de portance","Il doit toujours accélérer vers l’avant","Il possède nécessairement une batterie plus petite","A","En stationnaire, le multirotor doit continuellement produire une poussée égale à son poids pour rester en l’air."
36,5.2 Le cycle de conception ,"Pourquoi une voilure fixe ne peut-elle généralement pas remplacer directement un multirotor dans une mission d’inspection stationnaire ?","Parce qu’elle dépend de la portance de son aile et ne peut généralement pas rester immobile dans l’air","Parce qu’elle ne peut pas transporter de capteur","Parce qu’elle ne peut pas communiquer avec le sol","Parce qu’elle ne peut jamais voler lentement","A","La voilure fixe doit maintenir une vitesse suffisante pour que l’aile produise sa portance et n’est donc pas adaptée au maintien d’un point fixe."
37,5.2 Le cycle de conception ,"Quel élément opérationnel peut rendre une voilure fixe inadaptée malgré son excellente efficacité énergétique ?","L’absence d’un moyen adapté de lancement ou de récupération","Une batterie trop efficace","Une finesse trop élevée","La présence d’une caméra","A","La voilure fixe nécessite des conditions adaptées au lancement et à la récupération. Une mission sans espace ou moyen approprié peut donc l’exclure."
38,5.2 Le cycle de conception ,"Quel est le principal intérêt d’un VTOL hybride par rapport à une voilure fixe pure ?","Il peut décoller et atterrir verticalement tout en bénéficiant de l’efficacité de l’aile en croisière","Il est toujours plus simple mécaniquement","Il supprime toute masse supplémentaire","Il n’a besoin d’aucune transition","A","Le VTOL hybride combine les capacités verticales des rotors avec l’efficacité de croisière de la voilure."
39,5.2 Le cycle de conception ,"Pourquoi les rotors de sustentation d’un VTOL hybride constituent-ils une masse morte en croisière ?","Parce qu’ils restent embarqués alors qu’ils ne fournissent plus principalement la portance nécessaire à la croisière","Parce qu’ils sont retirés avant chaque vol","Parce qu’ils fonctionnent toujours à pleine puissance","Parce qu’ils remplacent complètement l’aile","A","Pendant la croisière, la portance est principalement fournie par l’aile tandis que les rotors de sustentation restent embarqués, ajoutant de la masse."
40,5.2 Le cycle de conception ,"Quelle phase supplémentaire rend le VTOL hybride plus complexe qu’une architecture pure ?","La transition entre la sustentation par rotors et le vol porté par l’aile","La recharge de la batterie uniquement","La mise sous tension de la radiocommande","La fabrication des hélices uniquement","A","Le VTOL hybride doit gérer une transition entre deux régimes de vol différents, ce qui ajoute une phase de contrôle et de réglage."
41,5.2 Le cycle de conception ,"Pourquoi la transition est-elle une phase particulièrement importante sur un VTOL hybride ?","Parce que l’appareil change de régime de sustentation et que cette phase peut être délicate à contrôler","Parce que les moteurs sont obligatoirement arrêtés","Parce que l’appareil doit être démonté","Parce que la batterie est remplacée pendant la transition","A","La transition correspond au passage entre sustentation par rotors et vol principalement porté par l’aile. Elle nécessite donc une gestion et un réglage spécifiques."
42,5.2 Le cycle de conception ,"Que signifie l’expression « surface de panne accrue » dans le contexte du VTOL hybride ?","Le système possède davantage de composants et de fonctions dont la défaillance peut affecter le fonctionnement global","Le drone possède une surface d’aile plus grande","Le drone doit toujours atterrir sur une surface plus grande","Le drone est automatiquement plus fiable","A","Le VTOL hybride combine plusieurs systèmes et modes de fonctionnement, ce qui augmente le nombre d’éléments susceptibles de tomber en panne."
43,5.2 Le cycle de conception ,"Dans quel cas le coût supplémentaire d’un VTOL hybride est-il principalement justifié ?","Lorsque la mission exige réellement à la fois le vol stationnaire et une bonne portée","Lorsqu’on hésite simplement entre deux architectures sans exigence particulière","Lorsque seule la simplicité mécanique est recherchée","Lorsque seule une inspection stationnaire très courte est nécessaire","A","Le VTOL hybride se justifie lorsque les deux capacités qu’il combine sont réellement nécessaires à la mission."
44,5.2 Le cycle de conception ,"Pourquoi choisir un VTOL hybride uniquement parce qu’on hésite entre multirotor et voilure fixe peut-il être une mauvaise démarche de conception ?","Parce qu’il peut introduire la complexité et la masse des deux architectures sans répondre à une exigence nécessitant réellement les deux","Parce qu’un VTOL hybride ne peut jamais voler","Parce qu’un VTOL hybride ne possède aucune aile","Parce qu’il est toujours moins performant dans tous les domaines","A","Le VTOL hybride doit répondre à un besoin réel combinant les avantages des deux architectures. Sinon, sa complexité supplémentaire peut être injustifiée."
45,5.2 Le cycle de conception ,"Quelle architecture est particulièrement adaptée à une mission de cartographie couvrant une grande surface sans besoin de stationnaire ?","Multirotor","Voilure fixe","Octorotor uniquement","VTOL hybride obligatoirement","B","Une mission de couverture étendue sans besoin de stationnaire est dominée par l’endurance et la portée, domaines où la voilure fixe est particulièrement efficace."
46,5.2 Le cycle de conception ,"Quelle architecture est particulièrement adaptée à une inspection dans un espace confiné avec décollage et atterrissage verticaux ?","Voilure fixe","Multirotor","Voilure fixe sans propulsion","Planeur","B","Le multirotor permet le décollage et l’atterrissage verticaux ainsi que le maintien d’un point fixe, ce qui convient aux espaces confinés."
47,5.2 Le cycle de conception ,"Quelle architecture correspond à une mission nécessitant de décoller verticalement d’un espace restreint puis de parcourir une longue distance ?","Multirotor pur","Voilure fixe pure","VTOL hybride","Planeur","C","Le VTOL hybride combine le décollage vertical avec l’efficacité de la voilure en croisière et répond donc à ces deux contraintes."
48,5.2 Le cycle de conception ,"Quel logiciel de pilotage est associé dans le texte à une architecture multirotor ?","ArduPlane","ArduCopter","ArduRover","ArduSub","B","Le texte associe le multirotor à ArduCopter."
49,5.2 Le cycle de conception ,"Quel logiciel de pilotage est associé dans le texte à une voilure fixe ?","ArduCopter","ArduPlane","ArduRover","ArduSub","B","Le texte associe la voilure fixe à ArduPlane."
50,5.2 Le cycle de conception ,"Dans ArduCopter, quel paramètre décrit notamment le nombre et la disposition des bras du multirotor ?","Q_ENABLE","FRAME_CLASS","Q_FRAME_TYPE","SERVO_RATE","B","FRAME_CLASS fixe le nombre et la disposition des bras selon l’architecture multirotor."
51,5.2 Le cycle de conception ,"Dans ArduCopter, quel paramètre décrit notamment la géométrie du multirotor, comme X ou H ?","FRAME_TYPE","Q_ENABLE","Q_FRAME_CLASS","TECS_SPEED","A","FRAME_TYPE décrit la géométrie du multirotor, notamment les configurations en X ou en H."
52,5.2 Le cycle de conception ,"Quel paramètre active le sous-système VTOL dans ArduPlane selon le texte ?","FRAME_CLASS","Q_ENABLE","FRAME_TYPE","Q_FRAME_TYPE","B","Q_ENABLE réglé à 1 active le sous-système VTOL dans ArduPlane."
53,5.2 Le cycle de conception ,"Quels paramètres décrivent la configuration des rotors de sustentation d’un VTOL sous ArduPlane ?","FRAME_CLASS et FRAME_TYPE","Q_FRAME_CLASS et Q_FRAME_TYPE","Q_ENABLE et TECS_SPEED","GPS_TYPE et COMPASS_TYPE","B","Q_FRAME_CLASS et Q_FRAME_TYPE décrivent la configuration des rotors de sustentation du sous-système VTOL."
54,5.2 Le cycle de conception ,"Pourquoi le choix d’architecture a-t-il une conséquence directe sur le firmware ?","Parce que les différentes architectures utilisent des structures de contrôle et des paramètres de configuration différents","Parce que le firmware choisit automatiquement la mission","Parce que le firmware remplace la structure mécanique","Parce que toutes les architectures utilisent exactement les mêmes paramètres","A","Le type d’appareil détermine le logiciel de pilotage et une partie importante de sa configuration."
55,5.2 Le cycle de conception ,"Un concepteur choisit une architecture sans tenir compte des conditions de décollage et de récupération. Quelle erreur commet-il ?","Il considère uniquement une partie du problème en négligeant les exigences opérationnelles","Il optimise nécessairement l’endurance","Il améliore automatiquement la sécurité","Il choisit toujours la meilleure architecture","A","Le choix d’architecture doit prendre en compte l’exigence dominante mais aussi les conditions opérationnelles réelles de la mission."
56,5.2 Le cycle de conception ,"Quelle affirmation résume le mieux le choix d’architecture décrit dans le chapitre ?","Une architecture est toujours supérieure aux autres","Le choix est une conséquence des exigences dominantes et des contraintes opérationnelles","Le choix dépend uniquement du prix","Le choix doit être fait avant de connaître la mission","B","Aucune architecture n’est universellement supérieure : le choix dépend de ce que la mission exige réellement et des conditions dans lesquelles elle doit être réalisée."
43,5.3 Masse maximale au décollage et centrage ,"Pourquoi la masse minimale au décollage ne peut-elle pas être choisie arbitrairement basse ?","Parce que l’appareil doit au minimum emporter la charge utile et l’énergie nécessaires à la mission","Parce que la masse minimale est toujours fixée par la réglementation","Parce qu’un appareil léger ne peut jamais voler","Parce que la masse minimale dépend uniquement du nombre de moteurs","A","La borne inférieure de la masse correspond aux besoins incompressibles de la mission, notamment la charge utile et l’énergie nécessaire."
44,5.3 Masse maximale au décollage et centrage ,"Quelles sont les trois principales bornes supérieures de masse identifiées dans le chapitre ?","Batterie, caméra et train d’atterrissage","Poussée disponible, structure et réglementation","Vitesse, altitude et température","Charge utile, autonomie et vitesse","B","La masse maximale est limitée par la capacité de propulsion, la résistance de la structure et les limites réglementaires."
45,5.3 Masse maximale au décollage et centrage ,"Pourquoi la réglementation peut-elle constituer une borne de masse particulièrement contraignante ?","Parce que dépasser certains seuils peut changer la classe réglementaire et les obligations applicables","Parce qu’elle détermine directement la puissance des moteurs","Parce qu’elle interdit toute modification de batterie","Parce qu’elle fixe toujours la position du centre de gravité","A","Certains seuils de masse peuvent entraîner un changement de catégorie réglementaire et donc modifier les obligations applicables à l’opération."
46,5.3 Masse maximale au décollage et centrage ,"Un appareil respecte sa limite de poussée et sa limite structurelle mais dépasse la classe de masse réglementaire prévue au cahier des charges. Que faut-il conclure ?","La conception respecte toutes les contraintes","La masse reste acceptable parce que la propulsion est suffisante","La contrainte réglementaire n’est pas respectée et la conception doit être réexaminée","Le centre de gravité devient automatiquement stable","C","La masse doit respecter simultanément les différentes bornes. Une masse compatible avec la propulsion et la structure peut néanmoins être incompatible avec la classe réglementaire visée."
47,5.3 Masse maximale au décollage et centrage ,"Pourquoi le bilan de masse doit-il être réévalué à chaque itération de conception ?","Parce que les masses réelles et les choix de composants peuvent évoluer et modifier les contraintes de masse","Parce que la masse d’un drone est toujours constante","Parce que le bilan n’est utile qu’après le premier vol","Parce que seul le poids réglementaire change","A","Chaque modification de composant, de structure ou de batterie peut modifier la masse totale, le centrage et les performances de propulsion."
48,5.3 Masse maximale au décollage et centrage ,"Une batterie plus grande permet d’augmenter l’énergie embarquée mais augmente également la masse totale. Quel phénomène cela illustre-t-il ?","La circularité du dimensionnement","L’indépendance entre masse et énergie","La suppression des contraintes de propulsion","L’absence de compromis dans la conception","A","La batterie apporte davantage d’énergie mais augmente la masse, ce qui augmente à son tour les besoins énergétiques. Le dimensionnement doit donc converger par itérations."
49,5.3 Masse maximale au décollage et centrage ,"Pourquoi une augmentation de masse peut-elle entraîner un besoin énergétique supplémentaire ?","Parce qu’une masse plus élevée augmente notamment les besoins de propulsion et d’énergie de mission","Parce que la masse réduit toujours la tension de la batterie à vide","Parce qu’une masse plus élevée supprime la traînée","Parce que l’énergie de mission est indépendante de la masse","A","La masse influence les efforts de propulsion et donc la consommation énergétique nécessaire à la mission."
50,5.3 Masse maximale au décollage et centrage ,"Quel est le rôle du datum dans un calcul de centre de gravité ?","Il fournit le point de référence à partir duquel les distances des composants sont mesurées","Il correspond toujours au centre de gravité","Il représente toujours le point neutre","Il correspond nécessairement au centre de poussée","A","Le datum est le repère de référence utilisé pour mesurer les bras de levier nécessaires au calcul des moments."
51,5.3 Masse maximale au décollage et centrage ,"Un composant de 500 g est placé à 200 mm du datum. Quel est son moment par rapport au datum ?","100 g·mm","700 g·mm","100 000 g·mm","2 500 g·mm","C","Le moment est égal à la masse multipliée par le bras de levier : 500 × 200 = 100 000 g·mm."
52,5.3 Masse maximale au décollage et centrage ,"Deux composants ont la même masse. Lequel produit le plus grand moment par rapport au datum ?","Celui qui est le plus proche du datum","Celui qui est le plus éloigné du datum","Les deux produisent toujours le même moment","Cela dépend uniquement de la tension de la batterie","B","À masse identique, le moment augmente avec le bras de levier. Le composant le plus éloigné produit donc le plus grand moment."
53,5.3 Masse maximale au décollage et centrage ,"Un composant est déplacé deux fois plus loin du datum sans modifier sa masse. Comment évolue son moment ?","Il est divisé par deux","Il ne change pas","Il double","Il devient nul","C","Le moment est égal à masse × distance. Si la masse reste constante et que la distance double, le moment double."
54,5.3 Masse maximale au décollage et centrage ,"Pourquoi utilise-t-on la somme des moments pour déterminer le centre de gravité ?","Parce que le centre de gravité correspond à la position où l’effet global des masses peut être représenté par une masse totale équivalente","Parce que tous les composants doivent être placés au même endroit","Parce que le centre de gravité est toujours au milieu géométrique","Parce que la batterie est toujours au centre","A","La méthode des moments permet de déterminer la position équivalente de la masse totale à partir des contributions de chaque composant."
55,5.3 Masse maximale au décollage et centrage ,"Pourquoi le centre de gravité ne correspond-il pas nécessairement au centre géométrique du drone ?","Parce qu’il dépend de la répartition des masses et pas uniquement de la géométrie extérieure","Parce qu’il dépend uniquement de la couleur de la structure","Parce qu’il est toujours défini par le point neutre","Parce qu’il est fixé par le fabricant du moteur","A","Le centre de gravité dépend des masses et de leurs positions. Une répartition asymétrique des composants peut donc déplacer le centre de gravité par rapport au centre géométrique."
56,5.3 Masse maximale au décollage et centrage ,"Pourquoi le calcul du centre de gravité peut-il être effectué sur plusieurs axes ?","Parce que la répartition des masses influence l’équilibre et l’inertie dans différentes directions","Parce qu’un drone ne possède qu’un seul axe","Parce que seul l’axe vertical est utile","Parce que le centre de gravité est différent pour chaque moteur","A","Le calcul peut être effectué selon les différents axes afin de caractériser la répartition spatiale des masses."
57,5.3 Masse maximale au décollage et centrage ,"Quel axe du centre de gravité est particulièrement déterminant pour la stabilité en tangage d’une voilure fixe ?","L’axe longitudinal","L’axe vertical uniquement","L’axe radio","L’axe de rotation des hélices uniquement","A","La position longitudinale du centre de gravité influence directement la relation entre le CG et le point neutre et donc la stabilité en tangage."
58,5.3 Masse maximale au décollage et centrage ,"Pourquoi la position du centre de gravité influence-t-elle aussi l’inertie de l’appareil ?","Parce que la répartition des masses par rapport aux axes de rotation influence les moments d’inertie","Parce que l’inertie dépend uniquement de la masse totale","Parce que le centre de gravité ne concerne que la réglementation","Parce que l’inertie est indépendante de la géométrie","A","L’inertie dépend non seulement de la masse mais aussi de sa répartition par rapport aux axes de rotation."
59,5.3 Masse maximale au décollage et centrage ,"Une batterie est déplacée vers l’avant d’une voilure fixe. Quel effet principal est attendu sur le centre de gravité ?","Le centre de gravité se déplace vers l’avant","Le centre de gravité se déplace vers l’arrière","Le centre de gravité reste nécessairement inchangé","Le point neutre se déplace automatiquement avec la batterie","A","Déplacer une masse importante vers l’avant déplace le centre de gravité dans la même direction."
60,5.3 Masse maximale au décollage et centrage ,"Une batterie est déplacée vers l’arrière d’une voilure fixe. Quel effet cela produit-il généralement sur la marge de stabilité ?","Elle augmente","Elle diminue","Elle devient toujours nulle","Elle ne peut jamais changer","B","Reculer la batterie déplace le centre de gravité vers l’arrière et réduit la marge de stabilité statique."
61,5.3 Masse maximale au décollage et centrage ,"Une voilure fixe possède un centre de gravité situé derrière son point neutre. Quelle conclusion correspond au modèle présenté ?","La marge de stabilité est négative et l’appareil est statiquement instable","La marge est nécessairement de 10 %","La stabilité est maximale","Le rapport poussée-poids augmente automatiquement","A","Un centre de gravité situé derrière le point neutre correspond à une marge négative selon la convention présentée et conduit à une instabilité statique."
62,5.3 Masse maximale au décollage et centrage ,"Que signifie une marge de stabilité statique nulle pour une voilure fixe ?","Le centre de gravité est confondu avec le point neutre","Le centre de gravité est très en avant du point neutre","Le centre de gravité est nécessairement au nez","La masse totale est nulle","A","Une marge nulle signifie que la distance entre le centre de gravité et le point neutre est nulle."
63,5.3 Masse maximale au décollage et centrage ,"Pourquoi un centre de gravité trop arrière peut-il être particulièrement problématique sur une voilure fixe ?","Parce qu’il peut conduire à une marge de stabilité nulle ou négative","Parce qu’il augmente toujours la stabilité","Parce qu’il augmente automatiquement la finesse","Parce qu’il supprime la masse de la batterie","A","Un déplacement excessif du centre de gravité vers l’arrière réduit la marge de stabilité et peut rendre l’appareil instable."
64,5.3 Masse maximale au décollage et centrage ,"Pour un multirotor, que peut provoquer un centre de gravité décalé par rapport au centre de poussée ?","Des corrections permanentes de l’autopilote et une sollicitation inégale des moteurs","Une augmentation automatique de l’autonomie","Une disparition du poids","Une meilleure stabilité sans consommation supplémentaire","A","Un décalage entre le centre de gravité et le centre de poussée crée un moment que l’autopilote doit compenser continuellement."
65,5.3 Masse maximale au décollage et centrage ,"Pourquoi les corrections permanentes dues à un mauvais centrage réduisent-elles la marge de commande d’un multirotor ?","Parce qu’une partie de l’autorité disponible est déjà utilisée pour compenser le déséquilibre","Parce que les moteurs sont automatiquement arrêtés","Parce que la masse totale devient nulle","Parce que la batterie produit moins de tension à vide","A","Une partie de la capacité de commande des moteurs est utilisée pour maintenir l’équilibre au lieu d’être disponible pour les manœuvres ou les perturbations."
66,5.3 Masse maximale au décollage et centrage ,"Un multirotor possède une poussée totale maximale de 80 N et un poids de 40 N. Quel est son rapport poussée-poids ?","0,5","1","2","4","C","Le rapport poussée-poids est égal à 80 / 40 = 2."
67,5.3 Masse maximale au décollage et centrage ,"Un multirotor possède un rapport poussée-poids de 1. Que peut-on en déduire dans le cadre du chapitre ?","Il dispose uniquement de la poussée nécessaire pour équilibrer son poids et ne possède pas la réserve visée d’environ 2","Il possède deux fois plus de poussée que nécessaire","Il possède une réserve de poussée maximale","Il est nécessairement une voilure fixe","A","Un rapport de 1 correspond à une poussée maximale égale au poids. Le chapitre vise environ 2 pour disposer d’une réserve de commande."
68,5.3 Masse maximale au décollage et centrage ,"Pourquoi le rapport poussée-poids est-il important même si un appareil peut théoriquement se maintenir en stationnaire avec un rapport égal à 1 ?","Parce qu’il doit conserver une réserve de poussée pour les corrections, les rafales et les manœuvres","Parce qu’un rapport égal à 1 empêche toute consommation électrique","Parce que la masse devient automatiquement nulle","Parce que la batterie ne fonctionne qu’avec un rapport de 2","A","Le stationnaire idéal demande environ une poussée égale au poids, mais le vol réel nécessite une réserve pour les perturbations et les manœuvres."
69,5.3 Masse maximale au décollage et centrage ,"Si la masse totale augmente alors que la poussée maximale reste constante, que devient le rapport poussée-poids ?","Il augmente","Il reste nécessairement identique","Il diminue","Il devient toujours égal à deux","C","La poussée disponible reste constante tandis que le poids augmente. Le rapport poussée-poids diminue donc."
70,5.3 Masse maximale au décollage et centrage ,"Quel énoncé résume le mieux le rôle du bilan de masse dans le processus de conception ?","Il constitue un résultat définitif établi une seule fois","Il constitue un passage itératif permettant de vérifier masse, centrage et contraintes de propulsion avant de poursuivre la convergence","Il sert uniquement à calculer le prix du drone","Il ne concerne que la batterie","B","Le bilan de masse est un premier passage de la boucle de conception. Il doit être réévalué au fur et à mesure que les masses, la batterie, le centrage et les performances évoluent."
58,5.4 Dimensionnement de la propulsion et de l'énergie ,"Selon la théorie du disque sustentateur, comment peut-on obtenir une poussée donnée avec une puissance induite plus faible ?","Accélérer fortement une petite masse d’air","Accélérer faiblement une grande masse d’air","Augmenter uniquement la tension moteur","Réduire la surface du rotor","B","Pour une même poussée, accélérer une grande masse d’air avec une faible variation de vitesse est énergétiquement plus favorable."
59,5.4 Dimensionnement de la propulsion et de l'énergie ,"Pourquoi un rotor de grande surface peut-il être plus efficace en stationnaire qu’un petit rotor pour une même poussée ?","Parce qu’il accélère une plus grande masse d’air à une vitesse induite plus faible","Parce qu’il supprime toutes les pertes électromécaniques","Parce qu’il augmente automatiquement le rendement du moteur à 100 %","Parce qu’il ne nécessite aucune puissance","A","Une plus grande surface de disque permet de produire la même poussée en communiquant moins de vitesse à une plus grande masse d’air."
60,5.4 Dimensionnement de la propulsion et de l'énergie ,"Quelle grandeur représente le rapport W/A pour un multirotor ?","Le rendement moteur","La charge de disque","Le rapport poussée/puissance","La capacité énergétique","B","Le rapport entre le poids W et la surface totale de disque A est appelé charge de disque ou disc loading."
61,5.4 Dimensionnement de la propulsion et de l'énergie ,"À masse et conditions atmosphériques constantes, que se passe-t-il lorsque la charge de disque diminue ?","L’efficacité stationnaire idéale s’améliore","La puissance induite augmente nécessairement","La vitesse induite devient infinie","La poussée maximale devient nulle","A","Une faible charge de disque correspond à une plus grande surface de disque pour une même masse, ce qui réduit la puissance induite idéale."
62,5.4 Dimensionnement de la propulsion et de l'énergie ,"Quel compromis est associé à une forte charge de disque ?","Elle est généralement associée à une faible consommation et à une faible vitesse","Elle favorise une machine vive mais plus gourmande en énergie","Elle supprime la puissance parasite","Elle garantit une autonomie maximale","B","Une forte charge de disque implique une vitesse induite plus importante et donc davantage de puissance en stationnaire, même si elle peut être associée à une machine plus vive."
63,5.4 Dimensionnement de la propulsion et de l'énergie ,"Si le poids d’un multirotor augmente de 10 %, comment évolue approximativement la puissance induite idéale à surface de disque constante ?","Elle augmente d’environ 10 %","Elle augmente d’environ 15 %","Elle augmente d’environ 21 %","Elle diminue d’environ 10 %","B","La puissance induite idéale varie comme W^(3/2). Une augmentation de 10 % du poids entraîne donc approximativement une augmentation de 1,1^(3/2), soit environ 15 %."
64,5.4 Dimensionnement de la propulsion et de l'énergie ,"Si le poids est multiplié par deux à surface de disque constante, par quel facteur la puissance induite idéale est-elle approximativement multipliée ?","Par 1,5","Par 2","Par environ 2,83","Par 4","C","La puissance varie comme W^(3/2), donc doubler le poids multiplie la puissance par 2^(3/2), soit environ 2,83."
65,5.4 Dimensionnement de la propulsion et de l'énergie ,"Si la surface totale de disque est multipliée par neuf à masse constante, comment évolue approximativement la puissance induite idéale ?","Elle est divisée par trois","Elle est divisée par neuf","Elle est multipliée par trois","Elle reste identique","A","La puissance induite varie comme 1/sqrt(A). Multiplier la surface par neuf divise donc la puissance par trois."
66,5.4 Dimensionnement de la propulsion et de l'énergie ,"Quelle hypothèse fait partie du domaine de validité de la théorie idéale du disque sustentateur utilisée ici ?","L’écoulement est supposé uniforme à travers le disque","Les pales ont une traînée infinie","Les rotors doivent obligatoirement être en interaction","Le rotor doit être en descente rapide","A","La relation idéale suppose notamment un écoulement uniforme à travers le disque."
67,5.4 Dimensionnement de la propulsion et de l'énergie ,"Pourquoi la formule idéale de puissance induite ne doit-elle pas être appliquée telle quelle à un rotor réel ?","Parce qu’elle néglige plusieurs phénomènes réels comme la traînée des pales et la non-uniformité de l’écoulement","Parce qu’elle ne dépend pas du poids","Parce qu’elle ne contient aucune surface de disque","Parce qu’elle donne toujours une puissance supérieure à la puissance réelle","A","La théorie idéale néglige notamment la traînée de profil et certaines non-uniformités de l’écoulement."
68,5.4 Dimensionnement de la propulsion et de l'énergie ,"Dans quel cas la relation idéale de puissance de stationnaire n’est-elle notamment pas directement valide selon le contenu ?","En effet de sol","Dans un écoulement parfaitement uniforme","À masse constante","Dans une atmosphère standard","A","Le domaine de validité exclut notamment l’effet de sol et certaines conditions particulières de fonctionnement du rotor."
69,5.4 Dimensionnement de la propulsion et de l'énergie ,"Quel phénomène rend particulièrement problématique l’application directe de la relation idéale en descente rapide ?","L’état d’anneau tourbillonnaire","La disparition de la gravité","La réduction automatique de la masse","La saturation de la batterie","A","La descente rapide peut placer le rotor dans un état d’anneau tourbillonnaire où les hypothèses de la théorie idéale ne sont plus respectées."
70,5.4 Dimensionnement de la propulsion et de l'énergie ,"Pourquoi l’interaction entre plusieurs rotors peut-elle remettre en cause le modèle idéal de disque isolé ?","Parce que les sillages des rotors peuvent se recouvrir","Parce que les rotors cessent de produire une poussée","Parce que la masse totale devient nulle","Parce que la tension batterie devient indépendante du courant","A","Le modèle idéal suppose notamment l’absence d’interaction entre rotors, hypothèse qui peut être violée lorsque les rotors sont proches."
71,5.4 Dimensionnement de la propulsion et de l'énergie ,"À quoi sert principalement la figure de mérite d’un rotor ?","À comparer la puissance idéale à la puissance réellement fournie à l’arbre","À mesurer directement le rendement de la batterie","À calculer la masse du châssis","À déterminer la vitesse maximale réglementaire","A","La figure de mérite est le rapport entre la puissance idéale et la puissance réelle fournie à l’arbre."
72,5.4 Dimensionnement de la propulsion et de l'énergie ,"Quelle est l’unité de la figure de mérite ?","W","N","Sans dimension","Wh/kg","C","La figure de mérite est un rapport de deux puissances et est donc sans dimension."
73,5.4 Dimensionnement de la propulsion et de l'énergie ,"Quelle plage de figure de mérite est typiquement donnée pour les hélices de petits drones dans le contenu ?","0,10 à 0,20","0,30 à 0,40","0,60 à 0,75","0,95 à 1,00","C","Le contenu indique typiquement une figure de mérite de l’ordre de 0,60 à 0,75 pour les hélices de petits drones."
74,5.4 Dimensionnement de la propulsion et de l'énergie ,"Que représente principalement une figure de mérite inférieure à 1 ?","L’écart entre la machine réelle et la machine idéale de même surface de disque","Le rendement direct de la batterie","La perte de masse de la structure","La différence entre poids et masse","A","La figure de mérite compare la puissance idéale à la puissance réellement nécessaire à l’arbre pour une même machine de référence."
75,5.4 Dimensionnement de la propulsion et de l'énergie ,"Pourquoi est-il incorrect d’assimiler directement la figure de mérite au rendement du moteur ?","Parce qu’elles ne comparent pas les mêmes grandeurs physiques","Parce que la figure de mérite est toujours supérieure à 1","Parce que le rendement moteur ne peut jamais être mesuré","Parce que le moteur ne produit aucune puissance mécanique","A","La figure de mérite compare une machine réelle à une machine idéale, tandis que le rendement moteur décrit la conversion de puissance électrique en puissance mécanique."
76,5.4 Dimensionnement de la propulsion et de l'énergie ,"Quels phénomènes sont principalement agrégés par la figure de mérite ?","La traînée de profil des pales et la non-uniformité de l’écoulement","La masse de la batterie et la masse utile","La réglementation et la météo","Le centrage et la structure","A","La figure de mérite prend notamment en compte des pertes aérodynamiques que le modèle idéal néglige."
77,5.4 Dimensionnement de la propulsion et de l'énergie ,"Quels sont les trois niveaux de rendement intervenant dans la chaîne de puissance en stationnaire décrite dans le contenu ?","Figure de mérite, moteur et ESC","Batterie, GPS et radio","Structure, train et caméra","Hélice, caméra et récepteur","A","La chaîne considérée comprend la performance aérodynamique représentée par la figure de mérite, le rendement moteur et le rendement de l’ESC."
78,5.4 Dimensionnement de la propulsion et de l'énergie ,"Si le moteur a un rendement de 0,80, quelle fraction de la puissance électrique reçue convertit-il idéalement en puissance mécanique ?","20 %","50 %","80 %","100 %","C","Un rendement de 0,80 signifie que 80 % de la puissance électrique fournie au moteur est convertie en puissance mécanique."
79,5.4 Dimensionnement de la propulsion et de l'énergie ,"Un ESC possède un rendement de 0,95. Que devient environ 1 000 W de puissance électrique entrant dans l’ESC ?","Environ 95 W seulement atteignent le moteur","Environ 500 W atteignent le moteur","Environ 950 W atteignent le moteur","1 050 W atteignent le moteur","C","Avec un rendement de 95 %, environ 950 W sont transmis au moteur et environ 50 W sont dissipés."
80,5.4 Dimensionnement de la propulsion et de l'énergie ,"Pourquoi la chaîne de rendements est-elle importante dans le dimensionnement électrique ?","Parce que les pertes successives augmentent la puissance électrique nécessaire par rapport à la puissance idéale","Parce que les rendements peuvent créer de l’énergie","Parce que les pertes réduisent la masse de batterie","Parce que les pertes rendent le poids nul","A","Chaque rendement inférieur à 1 impose une puissance électrique supérieure à la puissance utile ou idéale recherchée."
81,5.4 Dimensionnement de la propulsion et de l'énergie ,"Comment la diminution de la masse volumique de l’air affecte-t-elle la puissance idéale de stationnaire à poids et surface constants ?","Elle augmente la puissance nécessaire","Elle diminue toujours la puissance nécessaire","Elle ne change rien","Elle annule la poussée","A","Une masse volumique plus faible rend la sustentation idéale moins favorable et augmente la puissance nécessaire."
82,5.4 Dimensionnement de la propulsion et de l'énergie ,"Un multirotor consommant 100 W au niveau de la mer consomme approximativement combien à 1 000 m selon l’exemple donné ?","90 W","100 W","105 W","150 W","C","L’exemple indique environ 105 W à 1 000 m pour une consommation de 100 W au niveau de la mer en atmosphère type."
83,5.4 Dimensionnement de la propulsion et de l'énergie ,"Selon l’exemple fourni, quelle consommation approximative correspond à 100 W au niveau de la mer à 2 000 m ?","95 W","105 W","111 W","200 W","C","L’exemple donne environ 111 W à 2 000 m en atmosphère type."
84,5.4 Dimensionnement de la propulsion et de l'énergie ,"Pourquoi un calcul réalisé uniquement au niveau de la mer peut-il sous-estimer la puissance nécessaire sur un site chaud et situé en altitude ?","Parce que l’air y est généralement moins dense","Parce que la gravité y disparaît","Parce que la batterie devient plus lourde à altitude constante","Parce que les moteurs cessent de produire de la chaleur","A","L’altitude et une température élevée réduisent la masse volumique de l’air, ce qui augmente la puissance nécessaire pour une même sustentation."
85,5.4 Dimensionnement de la propulsion et de l'énergie ,"Quel paramètre atmosphérique intervient directement dans la relation idéale de puissance de stationnaire étudiée ici ?","La masse volumique de l’air","L’humidité seule","La vitesse du vent uniquement","La pression radio","A","La relation de puissance idéale dépend directement de la masse volumique de l’air."
86,5.4 Dimensionnement de la propulsion et de l'énergie ,"Pourquoi considérer systématiquement la puissance de croisière comme 85 % de la puissance stationnaire est-il insuffisant ?","Parce que la puissance de croisière dépend de la vitesse et de plusieurs contributions aérodynamiques","Parce que la puissance de croisière est toujours supérieure à la puissance stationnaire","Parce que la vitesse n’a aucune influence","Parce que le multirotor ne consomme aucune puissance en translation","A","Un simple coefficient ne définit ni la vitesse d’application ni les conditions aérodynamiques et ne remplace pas un modèle."
87,5.4 Dimensionnement de la propulsion et de l'énergie ,"Quels sont les trois termes principaux de la puissance en vol d’avancement présentés dans le contenu ?","Induite, profil et parasite","Moteur, batterie et ESC","Structure, masse et centrage","Radio, caméra et GPS","A","La puissance d’avancement est décomposée en puissance induite, puissance de profil et puissance parasite."
88,5.4 Dimensionnement de la propulsion et de l'énergie ,"Pourquoi la puissance induite diminue-t-elle généralement lorsque la vitesse d’avancement augmente ?","Le rotor rencontre davantage d’air neuf et doit moins l’accélérer pour produire la même poussée","La masse du drone diminue","La gravité diminue avec la vitesse","Les pales cessent de produire de la portance","A","En translation, le rotor bénéficie d’un écoulement d’air plus important, ce qui réduit la vitesse induite nécessaire pour produire la poussée."
89,5.4 Dimensionnement de la propulsion et de l'énergie ,"Quelle relation donne la puissance induite en translation dans le modèle présenté ?","Pi = T × vi","Pi = W / vi","Pi = V / T","Pi = Rint × I","A","Le contenu indique que la puissance induite vaut Pi=T vi, avec T la poussée et vi la vitesse induite."
90,5.4 Dimensionnement de la propulsion et de l'énergie ,"Pourquoi l’équation de Glauert est-elle résolue par itérations dans le modèle présenté ?","Parce que la vitesse induite en translation y apparaît de manière implicite","Parce qu’elle ne contient aucune vitesse","Parce qu’elle est une équation purement électrique","Parce qu’elle dépend uniquement de la masse de batterie","A","La vitesse induite vi est présente implicitement dans l’équation, ce qui conduit à une résolution numérique par itérations successives."
91,5.4 Dimensionnement de la propulsion et de l'énergie ,"Après convergence de l’équation de Glauert, quelle grandeur permet de calculer la puissance induite ?","La poussée multipliée par la vitesse induite","La tension multipliée par la capacité","La masse multipliée par le courant","La vitesse multipliée par la résistance interne","A","Une fois vi déterminée, la puissance induite se calcule par Pi=T×vi."
92,5.4 Dimensionnement de la propulsion et de l'énergie ,"Que représente la puissance de profil d’un rotor ?","La puissance nécessaire pour vaincre la traînée des pales elles-mêmes","La puissance nécessaire pour déplacer la cellule entière","La puissance stockée dans la batterie","La puissance due uniquement au poids","A","La puissance de profil correspond aux pertes dues à la traînée aérodynamique des pales."
93,5.4 Dimensionnement de la propulsion et de l'énergie ,"La puissance de profil existe-t-elle en vol stationnaire ?","Non, elle est strictement nulle","Oui, car les pales subissent déjà une traînée lorsqu’elles tournent","Seulement si la batterie est vide","Seulement en descente rapide","B","Même en stationnaire, les pales tournent et subissent leur propre traînée, donc une puissance de profil est nécessaire."
94,5.4 Dimensionnement de la propulsion et de l'énergie ,"Comment évolue approximativement la puissance de profil avec la vitesse dans le modèle présenté ?","Elle diminue fortement","Elle augmente modérément","Elle augmente comme le cube de la vitesse","Elle reste toujours nulle","B","Le terme de profil existe en stationnaire et augmente modérément avec la vitesse."
95,5.4 Dimensionnement de la propulsion et de l'énergie ,"Que représente le paramètre d’avancement μ dans le modèle présenté ?","Le rapport entre la vitesse de translation et la vitesse périphérique de la pale","Le rapport entre la masse et la poussée","Le rapport entre la tension et le courant","Le rapport entre l’énergie et l’autonomie","A","Le paramètre d’avancement est défini comme μ=V/(ΩR), rapport de la vitesse de translation à la vitesse périphérique de la pale."
96,5.4 Dimensionnement de la propulsion et de l'énergie ,"Quel terme de puissance devient rapidement dominant lorsque la vitesse d’avancement devient élevée ?","La puissance parasite","La puissance de centrage","La puissance réglementaire","La puissance de masse","A","La puissance parasite croît approximativement comme le cube de la vitesse et devient donc très importante à grande vitesse."
97,5.4 Dimensionnement de la propulsion et de l'énergie ,"De quoi dépend la puissance parasite dans le modèle présenté ?","De la traînée de la cellule, notamment via CdAf, et du cube de la vitesse","Uniquement de la capacité de batterie","Uniquement du diamètre d’hélice","Uniquement de la masse à vide","A","Le terme parasite dépend notamment de l’aire de traînée équivalente CdAf et augmente approximativement comme V³."
98,5.4 Dimensionnement de la propulsion et de l'énergie ,"Pourquoi l’aire de traînée équivalente CdAf est-elle une source importante d’incertitude pour un multirotor ?","Parce qu’elle est souvent mal connue et dépend notamment de l’assiette","Parce qu’elle est toujours exactement connue par la masse","Parce qu’elle ne dépend jamais de la géométrie","Parce qu’elle est égale à la surface totale des hélices","A","La traînée de la cellule est difficile à estimer précisément et peut varier avec l’assiette et la vitesse."
99,5.4 Dimensionnement de la propulsion et de l'énergie ,"Pourquoi la courbe totale de puissance possède-t-elle généralement un minimum ?","Parce qu’un terme diminue avec la vitesse tandis que d’autres augmentent","Parce que tous les termes sont constants","Parce que la masse devient nulle","Parce que la puissance parasite diminue comme 1/V","A","La puissance induite décroît tandis que les termes de profil et parasite augmentent, ce qui crée un minimum de puissance totale."
100,5.4 Dimensionnement de la propulsion et de l'énergie ,"Que cherche à minimiser la vitesse d’endurance maximale ?","La puissance consommée par unité de temps","L’énergie consommée par kilomètre","La masse de la batterie uniquement","La puissance maximale du moteur","A","L’endurance maximale correspond au minimum de puissance, donc à la durée de vol maximale pour une énergie donnée."
101,5.4 Dimensionnement de la propulsion et de l'énergie ,"Que cherche à minimiser la vitesse de rayon d’action maximal ?","La puissance instantanée uniquement","L’énergie consommée par distance parcourue","La masse à vide","La tension nominale","B","Le rayon d’action dépend de l’énergie consommée par unité de distance, donc du rapport P/V."
102,5.4 Dimensionnement de la propulsion et de l'énergie ,"Pourquoi la vitesse de rayon d’action maximal est-elle généralement supérieure à la vitesse d’endurance maximale ?","Parce qu’elle optimise l’énergie par distance et non la puissance minimale","Parce qu’elle correspond à la vitesse de décrochage","Parce que la puissance parasite est alors nulle","Parce que la batterie produit davantage d’énergie","A","Les deux critères sont différents : l’endurance minimise P alors que le rayon d’action minimise P/V."
103,5.4 Dimensionnement de la propulsion et de l'énergie ,"Quelle construction graphique permet d’identifier la vitesse de rayon d’action maximal sur la courbe de puissance selon le contenu ?","La tangente issue de l’origine qui touche la courbe de puissance","Une horizontale passant par la puissance maximale","Une verticale passant par la vitesse nulle","Une droite passant uniquement par le maximum de puissance","A","Le point de tangence entre une droite issue de l’origine et la courbe de puissance correspond au minimum de P/V."
104,5.4 Dimensionnement de la propulsion et de l'énergie ,"Quels sont les trois régimes distincts à ne pas confondre pour un multirotor selon le contenu ?","Stationnaire, endurance maximale et rayon d’action maximal","Décollage, panne moteur et atterrissage uniquement","Montée, chute libre et roulage","Nominal, critique et réglementaire","A","Le contenu distingue explicitement le stationnaire, le régime d’endurance maximale et le régime de rayon d’action maximal."
105,5.4 Dimensionnement de la propulsion et de l'énergie ,"Quelle limitation concerne l’équation de Glauert présentée dans le contenu ?","Elle ne décrit pas correctement la transition entre stationnaire et translation","Elle ne peut jamais être résolue numériquement","Elle ne contient aucune vitesse","Elle s’applique uniquement aux batteries","A","Le modèle suppose un écoulement établi et ne décrit pas correctement la transition où le rotor traverse son propre sillage."
106,5.4 Dimensionnement de la propulsion et de l'énergie ,"Dans quelle plage le modèle simplifié du terme de profil est-il indiqué comme valable approximativement ?","Pour μ inférieur à environ 0,3","Pour μ supérieur à 3","Uniquement pour μ égal à 10","Pour toute valeur sans limitation","A","Le contenu précise que l’approximation du terme de profil est valable pour des paramètres d’avancement modérés, approximativement en dessous de 0,3."
107,5.4 Dimensionnement de la propulsion et de l'énergie ,"Pourquoi le terme parasite peut-il lui aussi constituer une approximation imparfaite ?","Parce que l’aire de traînée peut varier avec l’assiette et donc avec la vitesse","Parce que la traînée est toujours nulle","Parce que CdAf est indépendant de la cellule","Parce que la vitesse n’intervient pas dans ce terme","A","Le modèle suppose une aire de traînée constante alors qu’elle peut varier avec l’assiette."
108,5.4 Dimensionnement de la propulsion et de l'énergie ,"Comment doit-on calculer l’énergie totale d’une mission réaliste ?","En découpant la mission en phases, en affectant puissance et durée à chacune, puis en sommant","En prenant uniquement la puissance de stationnaire","En multipliant la masse par la vitesse","En utilisant uniquement l’énergie de la batterie","A","La mission doit être décomposée en phases avec leur puissance et leur durée afin d'obtenir l’énergie totale."
109,5.4 Dimensionnement de la propulsion et de l'énergie ,"Laquelle des phases suivantes peut faire partie d’une mission de cartographie typique selon le contenu ?","Montée, croisière aller, lignes de vol, retour, descente et marge de stationnaire","Uniquement le stationnaire","Uniquement la croisière aller","Uniquement la descente","A","Le contenu propose une mission comprenant plusieurs phases, notamment montée, aller, lignes de vol, retour, descente et marges de stationnaire."
110,5.4 Dimensionnement de la propulsion et de l'énergie ,"Pourquoi faut-il distinguer l’énergie de mission de l’énergie nominale de la batterie ?","Parce qu’une partie de l’énergie nominale ne doit pas être considérée comme utilisable et qu’une réserve peut être imposée","Parce que toute l’énergie nominale est toujours inaccessible","Parce que la batterie ne contient aucune énergie","Parce que l’énergie de mission est toujours supérieure à l’énergie nominale","A","La profondeur de décharge et la réserve réduisent la quantité d’énergie nominale réellement disponible pour la mission."
111,5.4 Dimensionnement de la propulsion et de l'énergie ,"Quelle profondeur de décharge utilisable est retenue comme ordre de grandeur dans le contenu ?","20 % de l’énergie nominale","50 % de l’énergie nominale","80 % de l’énergie nominale","100 % de l’énergie nominale","C","Le contenu retient une fraction utilisable de l’ordre de 80 %, ce qui revient à ne pas exploiter environ les 20 % inférieurs."
112,5.4 Dimensionnement de la propulsion et de l'énergie ,"Pourquoi éviter de descendre très bas en état de charge selon le contenu ?","Parce que cela peut dégrader la durée de vie et réduire la tension disponible au moment où une puissance peut être nécessaire","Parce que cela augmente automatiquement la capacité de la batterie","Parce que cela augmente la masse utile","Parce que cela améliore toujours le rendement moteur","A","Une décharge profonde peut accélérer la dégradation et provoquer une chute de tension défavorable lors des appels de puissance."
113,5.4 Dimensionnement de la propulsion et de l'énergie ,"Pourquoi l’expression « réserve de 20 % » est-elle insuffisante comme exigence technique ?","Parce qu’elle ne précise pas la grandeur servant de référence aux 20 %","Parce que 20 % est toujours trop faible","Parce qu’une réserve ne peut jamais être calculée","Parce qu’une batterie ne peut pas avoir de réserve","A","Il faut préciser si les 20 % représentent une fraction de l’énergie de mission, de l’énergie utilisable ou une autre base."
114,5.4 Dimensionnement de la propulsion et de l'énergie ,"Deux exigences indiquent respectivement « 20 % de l’énergie de mission » et « 20 % de l’énergie utilisable ». Que faut-il en conclure ?","Elles sont nécessairement équivalentes","Elles peuvent conduire à des résultats différents","La seconde est toujours nulle","La première ne peut jamais être vérifiée","B","Les deux bases de calcul sont différentes et peuvent donc conduire à des quantités d’énergie résiduelle différentes."
115,5.4 Dimensionnement de la propulsion et de l'énergie ,"Quelle formulation constitue une exigence de réserve mieux définie ?","Prévoir suffisamment de batterie","Garder une bonne marge","Conserver en fin de mission au moins 20 % de l’énergie de mission","Avoir une batterie confortable","C","Cette formulation précise la grandeur de référence et la condition vérifiable en fin de mission."
116,5.4 Dimensionnement de la propulsion et de l'énergie ,"Quelle autre formulation de réserve proposée dans le contenu est directement vérifiable ?","La batterie doit être grande","Il doit rester au moins cinq minutes de vol stationnaire à la masse maximale","La batterie doit être performante","Le drone doit avoir beaucoup d’autonomie","B","Une durée minimale de stationnaire à masse maximale constitue un critère mesurable et vérifiable."
117,5.4 Dimensionnement de la propulsion et de l'énergie ,"Pourquoi l’énergie extractible d’une batterie diminue-t-elle lorsque le courant augmente ?","Parce que les pertes internes et le comportement réel des cellules réduisent l’énergie effectivement disponible","Parce que la masse du drone devient nulle","Parce que la tension devient toujours infinie","Parce que le moteur cesse de consommer","A","Le comportement réel des cellules et notamment les pertes internes réduisent l’énergie effectivement extractible à fort courant."
118,5.4 Dimensionnement de la propulsion et de l'énergie ,"Pourquoi l’application directe de la loi de Peukert à une batterie lithium de multirotor est-elle problématique ?","Parce que le multirotor fonctionne approximativement à puissance constante plutôt qu’à courant constant et que la loi est historiquement établie pour le plomb","Parce que Peukert décrit uniquement les moteurs","Parce que le courant d’un multirotor est toujours nul","Parce que les batteries lithium ne produisent aucune chaleur","A","Le contenu souligne que la loi de Peukert, historiquement développée pour le plomb, ne peut pas être appliquée telle quelle au régime de décharge d’un multirotor."
119,5.4 Dimensionnement de la propulsion et de l'énergie ,"Quelle énergie spécifique de pack est retenue comme ordre de grandeur de première approche dans le contenu ?","17 à 20 Wh/kg","70 à 90 Wh/kg","170 à 200 Wh/kg","500 à 700 Wh/kg","C","Le contenu retient environ 170 à 200 Wh/kg pour un pack lithium-polymère, en précisant que cette valeur peut être optimiste à fort régime."
120,5.4 Dimensionnement de la propulsion et de l'énergie ,"Pourquoi l’énergie spécifique de 170 à 200 Wh/kg doit-elle être considérée avec prudence ?","Parce qu’elle peut être optimiste lorsque le pack est fortement sollicité","Parce qu’elle est toujours nulle en vol","Parce qu’elle ne dépend jamais du régime de décharge","Parce qu’elle concerne uniquement les moteurs","A","L’énergie réellement extractible dépend des conditions de décharge et peut être inférieure à cette estimation à fort régime."
121,5.4 Dimensionnement de la propulsion et de l'énergie ,"Quelle relation décrit la chute de tension due à la résistance interne du pack ?","ΔU = Rint × I","ΔU = Rint / I","ΔU = I / Rint","ΔU = Rint × I²","A","La chute de tension résistive suit la relation ΔU=RintI."
122,5.4 Dimensionnement de la propulsion et de l'énergie ,"Quelle relation décrit la puissance dissipée dans la résistance interne de la batterie ?","Pperte = Rint × I","Pperte = Rint / I","Pperte = Rint × I²","Pperte = I / Rint","C","La dissipation résistive suit Pperte=RintI²."
123,5.4 Dimensionnement de la propulsion et de l'énergie ,"Si le courant double dans une résistance interne constante, comment évolue la puissance dissipée par effet Joule ?","Elle est divisée par deux","Elle reste identique","Elle est multipliée par deux","Elle est multipliée par quatre","D","Comme Pperte=RintI², doubler le courant multiplie la dissipation par quatre."
124,5.4 Dimensionnement de la propulsion et de l'énergie ,"Pourquoi la résistance interne devient-elle particulièrement dimensionnante à fort courant ?","Parce que la chute de tension augmente avec I et la puissance dissipée avec I²","Parce que la résistance disparaît à fort courant","Parce que la puissance dissipée diminue avec I²","Parce que la tension batterie augmente automatiquement","A","Les deux effets deviennent importants à fort courant, et la dissipation augmente particulièrement vite puisqu’elle varie comme le carré du courant."
125,5.4 Dimensionnement de la propulsion et de l'énergie ,"Dans la boucle de convergence, quelle part de la masse est considérée comme variable ?","La batterie","La charge utile uniquement","La structure uniquement","L’avionique uniquement","A","Le modèle décrit une masse fixe et une part variable constituée par la batterie."
126,5.4 Dimensionnement de la propulsion et de l'énergie ,"Quelle est la première étape numérique de la boucle de convergence décrite ?","Choisir une estimation initiale de la masse de batterie","Choisir directement la masse finale sans calcul","Mesurer la traînée de la cellule uniquement","Supprimer la batterie du bilan","A","On commence par poser une valeur initiale de masse de batterie avant de recalculer les grandeurs dépendantes."
127,5.4 Dimensionnement de la propulsion et de l'énergie ,"Après avoir choisi une masse initiale de batterie, quelle grandeur est calculée ensuite ?","La masse totale","La réglementation uniquement","La couleur du drone","Le nombre de satellites GNSS","A","La masse totale est recalculée à partir de la masse fixe et de la masse de batterie supposée."
128,5.4 Dimensionnement de la propulsion et de l'énergie ,"Dans quel ordre général les grandeurs sont-elles recalculées dans la boucle décrite ?","Masse totale → puissance → énergie de mission → énergie à installer → masse de batterie","Batterie → peinture → réglementation → GPS","Puissance → couleur → masse → radio","Énergie → caméra → structure → hélice","A","C’est la chaîne de calcul décrite dans les six étapes de la boucle de convergence."
129,5.4 Dimensionnement de la propulsion et de l'énergie ,"Quand arrête-t-on typiquement les itérations de la boucle de convergence selon le contenu ?","Lorsque l’écart entre deux masses de batterie successives passe sous un seuil, typiquement 1 %","Dès la première estimation","Lorsque la batterie atteint exactement 50 %","Après exactement 100 tours dans tous les cas","A","Le contenu propose de poursuivre tant que l’écart dépasse un seuil, typiquement 1 %."
130,5.4 Dimensionnement de la propulsion et de l'énergie ,"Que signifie physiquement un point fixe dans ce dimensionnement ?","La masse de batterie utilisée comme entrée devient cohérente avec la masse de batterie calculée comme résultat","La batterie est complètement vide","La puissance devient nulle","La masse totale cesse d’exister","A","Au point fixe, l’entrée et la sortie de la boucle coïncident : la masse supposée de batterie est celle requise par le calcul."
131,5.4 Dimensionnement de la propulsion et de l'énergie ,"Que peut signifier une divergence où la masse de batterie augmente à chaque itération ?","Le projet ne ferme pas énergétiquement avec les hypothèses et la technologie considérées","Le calcul est nécessairement trop précis","Le moteur devient plus efficace à chaque tour","La masse de batterie doit être fixée à zéro","A","Une divergence indique qu’aucun point fixe énergétique n’est atteint dans les conditions considérées."
132,5.4 Dimensionnement de la propulsion et de l'énergie ,"Pourquoi une divergence de la boucle est-elle un résultat de conception et non simplement un échec mathématique ?","Parce qu’elle peut révéler que la mission n’est pas réalisable avec les hypothèses ou la technologie choisies","Parce qu’une divergence prouve que le prototype est déjà construit","Parce qu’elle garantit une autonomie infinie","Parce qu’elle supprime la nécessité de mesurer","A","La divergence peut montrer que la charge utile, la durée de mission, la masse et l’énergie demandées ne sont pas compatibles."
133,5.4 Dimensionnement de la propulsion et de l'énergie ,"Pourquoi le choix de la masse initiale de batterie n’est-il pas critique si la boucle converge correctement ?","Parce que plusieurs estimations initiales doivent converger vers le même point fixe","Parce que la batterie n’intervient pas dans le calcul","Parce que la masse initiale est toujours égale à zéro","Parce que le calcul ne dépend que de la tension","A","L’indépendance du résultat vis-à-vis de l’initialisation est un test de convergence vers un même point fixe."
134,5.4 Dimensionnement de la propulsion et de l'énergie ,"Que révèle un résultat final différent selon la valeur initiale de batterie utilisée ?","Cela remet en cause la validité du calcul ou de la convergence obtenue","Cela prouve que la batterie est inutile","Cela prouve que la puissance est indépendante de la masse","Cela garantit plusieurs solutions physiques valides","A","Le contenu indique que l’indépendance à la valeur initiale est un test essentiel ; une dépendance persistante signale un problème."
135,5.4 Dimensionnement de la propulsion et de l'énergie ,"Pourquoi ajouter 1 kg de charge utile peut-il conduire à plus de 1 kg de masse supplémentaire au décollage ?","Parce que la charge supplémentaire augmente l’énergie nécessaire, ce qui peut nécessiter une batterie supplémentaire","Parce que le kilogramme ajouté se transforme en deux kilogrammes","Parce que la gravité double","Parce que le moteur ajoute automatiquement 1 kg","A","La masse supplémentaire augmente les besoins énergétiques, lesquels peuvent nécessiter davantage de batterie et donc une augmentation totale supérieure à la masse ajoutée initialement."
136,5.4 Dimensionnement de la propulsion et de l'énergie ,"Pourquoi l’incertitude sur les rendements peut-elle se retrouver amplifiée dans la masse finale de batterie ?","Parce que la boucle de convergence transmet les incertitudes de puissance et d’énergie vers la masse de batterie","Parce que les rendements sont toujours exactement connus","Parce que la batterie n’est pas liée à l’énergie","Parce que la masse est indépendante de la puissance","A","Les incertitudes des rendements affectent la puissance électrique, puis l’énergie et finalement la masse de batterie."
137,5.4 Dimensionnement de la propulsion et de l'énergie ,"Quel défaut présente un résultat annoncé avec quatre chiffres significatifs alors que la figure de mérite n’est connue qu’à environ 7 % près ?","Il donne une précision apparente supérieure à la précision réelle des données","Il est forcément faux mathématiquement","Il est toujours plus conservatif","Il prouve que la mesure est parfaite","A","Le nombre de chiffres significatifs doit être cohérent avec l’incertitude des données utilisées."
138,5.4 Dimensionnement de la propulsion et de l'énergie ,"Comment présenter honnêtement un résultat de dimensionnement incertain ?","Donner une valeur adaptée à la précision des données, une plage d’incertitude et le moyen de réduire cette incertitude","Donner uniquement le nombre le plus précis possible","Supprimer toutes les incertitudes","Arrondir toujours à quatre chiffres","A","Le contenu recommande d’indiquer le résultat avec une précision justifiée, sa plage et une méthode de réduction de l’incertitude."
139,5.4 Dimensionnement de la propulsion et de l'énergie ,"Quelle mesure expérimentale est présentée comme particulièrement efficace pour réduire l’incertitude de propulsion ?","Un essai au banc moteur-hélice donnant la poussée en fonction de la puissance électrique","Une mesure de la couleur de l’hélice","Une photographie du drone au sol","Une mesure du nombre de satellites GNSS","A","L’essai au banc permet de mesurer directement les performances réelles de l’ensemble moteur-hélice."
140,5.4 Dimensionnement de la propulsion et de l'énergie ,"Quelles grandeurs peut notamment fournir un essai au banc moteur-hélice ?","Poussée, régime, courant et puissance","Uniquement la couleur et la masse","Uniquement la température extérieure","Uniquement la tension réglementaire","A","Le contenu indique qu’un essai au banc permet notamment de comparer poussée, régime, courant et puissance aux estimations."
141,5.4 Dimensionnement de la propulsion et de l'énergie ,"Pourquoi les tables de poussée constructeur sont-elles importantes pour un dimensionnement ?","Elles fournissent des performances expérimentales permettant de relier propulsion, poussée et puissance","Elles remplacent toutes les mesures de masse","Elles garantissent une autonomie infinie","Elles donnent automatiquement la météo","A","Les tables de poussée permettent d’appuyer le dimensionnement sur des données expérimentales de propulsion."
142,5.4 Dimensionnement de la propulsion et de l'énergie ,"Un multirotor est dimensionné avec un rapport poussée/poids de 2. Que représente principalement cette valeur ?","La poussée maximale disponible est environ deux fois le poids","La batterie contient deux fois son énergie nominale","Le drone vole deux fois plus vite","Le moteur a un rendement de 200 %","A","Un rapport T/W de 2 signifie que la poussée maximale totale est environ deux fois le poids du drone."
143,5.4 Dimensionnement de la propulsion et de l'énergie ,"Pourquoi un rapport poussée/poids proche de 2 est-il recherché pour un multirotor de mission selon le contenu ?","Pour disposer d’une réserve de poussée permettant notamment les manœuvres, rafales et rattrapages d’altitude","Pour supprimer la consommation électrique","Pour empêcher tout déplacement horizontal","Pour réduire la masse de batterie à zéro","A","Une réserve de poussée améliore la capacité à manœuvrer et à contrer les perturbations."
144,5.4 Dimensionnement de la propulsion et de l'énergie ,"Que peut indiquer un rapport poussée/poids inférieur à 1 ?","La poussée maximale est insuffisante pour soutenir le poids","Le drone possède une réserve énorme","La batterie est nécessairement trop grande","Le drone est automatiquement stable","A","Si T/W<1, la poussée maximale ne suffit même pas à équilibrer le poids."
145,5.4 Dimensionnement de la propulsion et de l'énergie ,"Quel problème est associé dans le contenu à un rapport poussée/poids inférieur à environ 1,5 pour une machine de mission ?","Elle devient plus difficile à piloter et moins tolérante au vent","Elle devient nécessairement plus efficace","Elle ne peut plus mesurer son altitude","Elle devient automatiquement plus légère","A","Le contenu indique qu’en dessous d’environ 1,5, la marge de manœuvre et de résistance aux perturbations devient insuffisante."
146,5.4 Dimensionnement de la propulsion et de l'énergie ,"Pourquoi une configuration à six rotors ou davantage nécessite-t-elle une vérification supplémentaire de marge ?","Il faut vérifier qu’elle reste contrôlable après la perte d’un moteur","Parce que six moteurs produisent toujours zéro poussée","Parce que la batterie ne peut plus fournir de courant","Parce que le centre de gravité disparaît","A","La redondance partielle d’une configuration multirotor impose de vérifier la contrôlabilité après une panne moteur."
147,5.4 Dimensionnement de la propulsion et de l'énergie ,"Quel type de marge supplémentaire faut-il étudier sur une configuration multirotor à plusieurs rotors ?","La marge de contrôlabilité après perte d’un moteur","Uniquement la marge de couleur","Uniquement la marge de stockage","La marge de capacité du GPS","A","Au-delà du T/W global, il faut vérifier la capacité à conserver une commande suffisante après une panne moteur."
148,5.4 Dimensionnement de la propulsion et de l'énergie ,"Si la masse augmente alors que la poussée maximale reste constante, comment évolue le rapport poussée/poids ?","Il diminue","Il augmente","Il reste toujours identique","Il devient égal à 2 automatiquement","A","Le rapport T/W est inversement lié au poids lorsque la poussée maximale reste constante."
149,5.4 Dimensionnement de la propulsion et de l'énergie ,"Pourquoi une augmentation de masse peut-elle affecter simultanément la propulsion et l’énergie ?","Parce qu’elle augmente le poids à soutenir et donc les besoins de puissance et d’énergie","Parce qu’elle ne modifie que la couleur du drone","Parce qu’elle réduit toujours la puissance requise","Parce qu’elle supprime la résistance interne","A","Une masse supplémentaire augmente les besoins de sustentation et peut donc augmenter la puissance et l’énergie nécessaires."
150,5.4 Dimensionnement de la propulsion et de l'énergie ,"Quelle affirmation résume le mieux le principe général du dimensionnement présenté dans ce chapitre ?","Le dimensionnement doit être itératif, basé sur des modèles physiques, des hypothèses explicites, des marges et des mesures réelles","Il suffit de choisir la plus grosse batterie disponible","Il faut appliquer un coefficient fixe à toutes les missions","Un calcul théorique unique suffit toujours","A","Le dimensionnement robuste combine itération, modèles physiques, incertitudes, marges et validation expérimentale."
87,"5.5 Étude de cas, voilure fixe et VTOL","Pourquoi la charge alaire constitue-t-elle une grandeur de départ importante pour le dimensionnement d’une voilure fixe ?","Parce qu’elle relie le poids à la surface portante et conditionne notamment la vitesse de décrochage","Parce qu’elle détermine directement la tension de la batterie","Parce qu’elle remplace le moteur","Parce qu’elle détermine uniquement la portée radio","A","La charge alaire W/S relie le poids à la surface d’aile et intervient directement dans la capacité de l’aile à produire la portance à basse vitesse."
88,"5.5 Étude de cas, voilure fixe et VTOL","Que se passe-t-il généralement si l’on augmente la surface d’aile à poids constant ?","La charge alaire diminue","La charge alaire augmente","La charge alaire devient indépendante du poids","La charge alaire devient égale à la puissance moteur","A","À poids constant, augmenter la surface S diminue le rapport W/S et donc la charge alaire."
89,"5.5 Étude de cas, voilure fixe et VTOL","À poids constant, que se passe-t-il généralement lorsque la surface d’aile est réduite ?","La charge alaire augmente","La charge alaire diminue","La charge alaire devient nulle","La finesse devient automatiquement nulle","A","La charge alaire est le poids divisé par la surface d’aile ; réduire S augmente donc W/S."
90,"5.5 Étude de cas, voilure fixe et VTOL","Quel est le principal effet d’une augmentation de la charge alaire sur la vitesse de décrochage ?","La vitesse de décrochage augmente","La vitesse de décrochage diminue toujours","Elle devient nulle","Elle ne dépend plus de l’aile","A","Une charge alaire plus élevée exige une vitesse plus importante pour produire la portance nécessaire, ce qui augmente la vitesse de décrochage."
91,"5.5 Étude de cas, voilure fixe et VTOL","Quel compromis général est associé à une faible charge alaire ?","Une vitesse de vol plus faible et un comportement généralement plus docile","Une vitesse de décrochage nécessairement plus élevée","Une suppression de la portance","Une obligation d’utiliser des rotors de sustentation","A","Une faible charge alaire permet généralement de voler plus lentement et facilite les phases de vol à basse vitesse."
92,"5.5 Étude de cas, voilure fixe et VTOL","Quel compromis général est associé à une charge alaire élevée ?","L’appareil peut être conçu pour des vitesses plus élevées mais exige davantage de vitesse pour maintenir la portance","L’appareil vole nécessairement plus lentement","L’appareil n’a plus besoin d’aile","La propulsion devient inutile","A","Une charge alaire élevée est compatible avec une architecture plus rapide mais augmente notamment la vitesse de décrochage."
93,"5.5 Étude de cas, voilure fixe et VTOL","Quelle relation générale définit la charge alaire ?","Le poids divisé par la surface d’aile","La surface d’aile divisée par le poids","La puissance divisée par la vitesse","La poussée divisée par le courant","A","La charge alaire est définie comme le poids rapporté à la surface de l’aile, soit W/S."
94,"5.5 Étude de cas, voilure fixe et VTOL","Pourquoi une voilure fixe n’a-t-elle pas besoin de produire en permanence toute sa portance par la propulsion ?","Parce que l’aile produit la portance nécessaire en vol","Parce que la gravité disparaît en croisière","Parce que la batterie produit directement la portance","Parce que le moteur annule le poids","A","En vol de croisière, l’aile génère la portance aérodynamique qui équilibre principalement le poids."
95,"5.5 Étude de cas, voilure fixe et VTOL","Quelle différence physique fondamentale distingue le multirotor de la voilure fixe en croisière ?","Le multirotor doit maintenir sa sustentation principalement par ses rotors tandis que la voilure fixe utilise son aile","La voilure fixe utilise uniquement la batterie pour produire la portance","Le multirotor ne possède aucune traînée","La voilure fixe ne possède jamais de propulsion","A","Le multirotor produit sa sustentation par poussée rotorique alors que la voilure fixe exploite principalement la portance de son aile."
96,"5.5 Étude de cas, voilure fixe et VTOL","Pourquoi la puissance de croisière d’une voilure fixe peut-elle être nettement inférieure à la puissance de stationnaire d’un multirotor de masse comparable ?","Parce que la voilure fixe n’a pas à maintenir tout son poids par une poussée verticale continue","Parce qu’elle ne subit aucune traînée","Parce qu’elle ne consomme aucune énergie","Parce que son moteur produit gratuitement de la puissance","A","L’aile fournit la portance en croisière, ce qui évite le coût énergétique élevé d’une sustentation permanente par rotor."
97,"5.5 Étude de cas, voilure fixe et VTOL","Dans le modèle de puissance de croisière d’une voilure fixe, que représente la finesse ?","Le rapport entre portance et traînée","Le rapport entre masse et puissance","Le rapport entre tension et courant","Le rapport entre poussée et masse","A","La finesse est classiquement le rapport L/D, c’est-à-dire portance sur traînée, et elle intervient directement dans la puissance de croisière."
98,"5.5 Étude de cas, voilure fixe et VTOL","À poids et vitesse constants, que devient approximativement la puissance de croisière si la finesse augmente ?","Elle diminue","Elle augmente toujours","Elle reste nécessairement identique","Elle devient infinie","A","La puissance de croisière varie approximativement comme W×V/finesse ; une meilleure finesse réduit donc la puissance nécessaire."
99,"5.5 Étude de cas, voilure fixe et VTOL","À finesse et vitesse constants, comment évolue approximativement la puissance de croisière d’une voilure fixe lorsque le poids augmente ?","Elle augmente proportionnellement au poids","Elle diminue avec le poids","Elle reste identique","Elle devient indépendante de la masse","A","Dans le modèle présenté, la puissance de croisière est proportionnelle au poids à vitesse et finesse constantes."
100,"5.5 Étude de cas, voilure fixe et VTOL","Pourquoi le rendement de la chaîne propulsive doit-il être pris en compte dans le calcul de puissance d’une voilure fixe ?","Parce que la puissance mécanique nécessaire n’est pas égale à la puissance électrique réellement prélevée","Parce que le rendement augmente toujours la puissance disponible","Parce que le rendement détermine la charge alaire","Parce que le rendement remplace la finesse","A","Les pertes de la chaîne propulsive font que la puissance électrique demandée est supérieure à la puissance mécanique utile."
101,"5.5 Étude de cas, voilure fixe et VTOL","Quelle architecture doit satisfaire simultanément les contraintes du vol vertical et celles de la croisière ?","Le VTOL","La voilure fixe pure uniquement","Le planeur pur","Un multirotor sans transition","A","Le VTOL doit être capable de décoller et atterrir verticalement tout en assurant une croisière efficace avec son aile."
102,"5.5 Étude de cas, voilure fixe et VTOL","Pourquoi le dimensionnement d’un VTOL est-il plus complexe que celui d’une voilure fixe pure ?","Parce qu’il doit satisfaire deux régimes de vol et intégrer deux logiques de propulsion","Parce qu’il ne possède aucune aile","Parce qu’il n’a besoin d’aucun calcul énergétique","Parce qu’il utilise toujours un seul moteur","A","Le VTOL combine les contraintes du stationnaire et celles de la croisière, avec les systèmes associés."
103,"5.5 Étude de cas, voilure fixe et VTOL","Quel élément du VTOL est principalement dimensionné selon la logique du multirotor en stationnaire ?","Les rotors de sustentation","La finesse de l’aile uniquement","Le système de récupération uniquement","La charge alaire seule","A","En stationnaire, les rotors doivent fournir la poussée nécessaire pour soutenir tout le poids."
104,"5.5 Étude de cas, voilure fixe et VTOL","Quel élément du VTOL est principalement dimensionné selon la logique de la voilure fixe en croisière ?","L’aile et la propulsion de croisière","Les seuls rotors de sustentation","Le système radio uniquement","La batterie indépendamment de la mission","A","En croisière, l’aile fournit la portance et la propulsion doit vaincre la traînée selon la logique d’un aéronef à voilure fixe."
105,"5.5 Étude de cas, voilure fixe et VTOL","Pourquoi les rotors de sustentation constituent-ils une masse morte pendant la croisière d’un VTOL classique ?","Parce qu’ils restent embarqués alors qu’ils ne fournissent plus la portance principale en croisière","Parce qu’ils deviennent plus lourds en altitude","Parce qu’ils produisent une poussée négative","Parce qu’ils remplacent la batterie","A","Les rotors et leurs supports restent physiquement sur l’appareil mais ne sont plus nécessaires pour produire la portance principale en croisière."
106,"5.5 Étude de cas, voilure fixe et VTOL","Quel autre coût architectural est associé au passage du stationnaire à la croisière sur un VTOL ?","Une transition entre les deux régimes de vol","Une suppression de l’aile","Une disparition de la gravité","Une réduction automatique de la masse","A","Le VTOL doit gérer une phase de transition entre le régime vertical et le régime de croisière."
107,"5.5 Étude de cas, voilure fixe et VTOL","Pourquoi l’énergie d’une mission ne peut-elle pas être déduite de la puissance maximale uniquement ?","Parce que l’énergie dépend aussi de la durée pendant laquelle chaque puissance est consommée","Parce que la puissance maximale est toujours nulle","Parce que l’énergie ne dépend jamais du temps","Parce que la batterie ne stocke pas d’énergie","A","L’énergie consommée est obtenue en intégrant la puissance sur le temps ; les différentes phases doivent donc être prises en compte."
108,"5.5 Étude de cas, voilure fixe et VTOL","Un VTOL consomme 500 W pendant 2 minutes. Quelle énergie est consommée approximativement ?","1,7 Wh","16,7 Wh","60 Wh","500 Wh","B","E=P×t, donc 500×120/3600≈16,7 Wh."
109,"5.5 Étude de cas, voilure fixe et VTOL","Un VTOL consomme 100 W pendant 1 heure. Quelle énergie est consommée ?","10 Wh","50 Wh","100 Wh","600 Wh","C","Une puissance de 100 W maintenue pendant une heure correspond à 100 Wh."
110,"5.5 Étude de cas, voilure fixe et VTOL","Un système consomme 100 W pendant 3600 s. Quelle énergie cela représente-t-il ?","10 Wh","50 Wh","100 Wh","360 Wh","C","3600 secondes correspondent à une heure, donc E=100×1=100 Wh."
111,"5.5 Étude de cas, voilure fixe et VTOL","Un VTOL consomme 494 W pendant 120 s puis 99 W pendant 4000 s. Quelle est approximativement son énergie totale avant réserve ?","59,3 Wh","99 Wh","125,8 Wh","200 Wh","C","Le stationnaire consomme environ 16,5 Wh et la croisière environ 110 Wh, soit environ 126,5 Wh au total ; selon les arrondis de l’exemple, environ 127 Wh."
112,"5.5 Étude de cas, voilure fixe et VTOL","Pourquoi une phase de croisière moins puissante peut-elle consommer davantage d’énergie qu’une phase de stationnaire ?","Parce qu’elle peut durer beaucoup plus longtemps","Parce que l’énergie est indépendante de la durée","Parce que la puissance stationnaire est toujours nulle","Parce que la batterie augmente sa capacité pendant le stationnaire","A","L’énergie dépend du produit puissance×temps ; une phase moins puissante mais beaucoup plus longue peut donc dominer le bilan."
113,"5.5 Étude de cas, voilure fixe et VTOL","Dans l’exemple numérique, pourquoi la croisière représente-t-elle environ 87 % de l’énergie avant réserve ?","Parce que sa durée est très supérieure à celle du stationnaire","Parce que sa puissance est supérieure à celle du stationnaire","Parce que le stationnaire ne consomme rien","Parce que l’aile crée de l’énergie","A","La croisière dure plusieurs milliers de secondes contre seulement 120 secondes de stationnaire, ce qui compense largement sa puissance plus faible."
114,"5.5 Étude de cas, voilure fixe et VTOL","Quelle erreur de raisonnement serait commise si l’on concluait que le stationnaire domine l’énergie uniquement parce que sa puissance est cinq fois plus élevée ?","Confondre puissance instantanée et énergie consommée","Confondre masse et poids","Confondre finesse et charge alaire","Confondre tension et courant","A","Une puissance élevée ne signifie pas nécessairement une énergie élevée si elle n’est appliquée que pendant une courte durée."
115,"5.5 Étude de cas, voilure fixe et VTOL","Pour une mission longue distance en VTOL, quelle grandeur influence fortement la consommation énergétique de la phase principale de mission ?","La finesse de l’aile","La couleur des rotors","Le nombre de satellites GNSS","La fréquence de la radiocommande","A","La croisière constitue la majeure partie de l’énergie de mission dans l’étude de cas, et sa puissance dépend fortement de la finesse."
116,"5.5 Étude de cas, voilure fixe et VTOL","Pourquoi réduire le temps de stationnaire reste-t-il intéressant même si le stationnaire représente peu d’énergie totale dans l’exemple ?","Parce que sa puissance instantanée est élevée","Parce que sa puissance est nulle","Parce qu’il augmente la finesse de l’aile","Parce qu’il supprime la charge alaire","A","Le stationnaire impose une forte puissance instantanée, ce qui peut affecter la propulsion, la batterie et les contraintes thermiques."
117,"5.5 Étude de cas, voilure fixe et VTOL","Quel compromis décrit correctement le VTOL de l’étude de cas ?","Il gagne la capacité de décollage vertical mais paie cette capacité en masse et en énergie","Il gagne toujours en autonomie et perd toute capacité verticale","Il supprime la nécessité d’une aile","Il est toujours plus léger qu’une voilure fixe","A","Le VTOL ajoute les systèmes nécessaires au vol vertical, ce qui augmente la masse et les besoins énergétiques, tout en apportant une capacité opérationnelle spécifique."
118,"5.5 Étude de cas, voilure fixe et VTOL","Pourquoi la boucle de convergence du VTOL doit-elle recalculer à la fois la puissance stationnaire et la puissance de croisière ?","Parce que la masse modifiée affecte les deux régimes de vol","Parce que seul le stationnaire dépend de la masse","Parce que la croisière est indépendante du poids","Parce que la batterie ne participe pas au bilan","A","Une variation de masse modifie le poids et donc les besoins de sustentation verticale comme les besoins énergétiques de croisière."
119,"5.5 Étude de cas, voilure fixe et VTOL","Quel est l’enchaînement logique de la boucle complète décrite pour le VTOL ?","Masse batterie supposée → masse totale → puissances → énergie mission → énergie à installer → masse batterie","Batterie → GPS → radio → centrage uniquement","Masse → réglementation → caméra → couleur","Puissance → masse nulle → énergie nulle","A","La boucle part d’une hypothèse de batterie puis recalcule successivement la masse, les puissances, l’énergie et enfin la batterie requise."
120,"5.5 Étude de cas, voilure fixe et VTOL","Pourquoi l’ajout de batterie entraîne-t-il une correction supplémentaire lors de l’itération suivante ?","Parce que la batterie ajoutée augmente la masse totale et donc les besoins énergétiques","Parce que la batterie devient plus légère","Parce que la finesse augmente automatiquement","Parce que les rotors cessent de produire de la poussée","A","La masse de batterie participe au poids total ; une batterie plus lourde augmente donc les besoins de puissance et d’énergie."
121,"5.5 Étude de cas, voilure fixe et VTOL","Pourquoi les corrections deviennent-elles progressivement plus faibles dans une boucle qui converge ?","Parce que l’effet supplémentaire de chaque augmentation de batterie diminue jusqu’à atteindre un point fixe","Parce que la batterie cesse d’avoir une masse","Parce que la puissance devient toujours nulle","Parce que le poids diminue à chaque tour","A","Dans l’exemple, chaque correction engendre une correction suivante plus faible, jusqu’à stabilisation de la masse de batterie."
122,"5.5 Étude de cas, voilure fixe et VTOL","Que signifie concrètement le point fixe dans l’étude de cas VTOL ?","La masse de batterie supposée et la masse de batterie calculée deviennent cohérentes","La batterie est complètement déchargée","Le drone ne peut plus voler","La puissance stationnaire devient égale à zéro","A","Au point fixe, la masse utilisée pour calculer la mission correspond à la masse nécessaire pour fournir l’énergie calculée."
123,"5.5 Étude de cas, voilure fixe et VTOL","Après convergence de la masse d’un VTOL, quelle vérification de propulsion doit encore être effectuée ?","Vérifier que la poussée disponible satisfait le rapport poussée-poids requis à la masse convergée","Vérifier uniquement la couleur des hélices","Vérifier uniquement la portée radio","Vérifier uniquement la capacité mémoire du contrôleur","A","La masse finale détermine le poids réel à soutenir et doit donc être confrontée à la poussée disponible."
124,"5.5 Étude de cas, voilure fixe et VTOL","Pourquoi la masse convergée est-elle particulièrement importante pour la vérification du VTOL ?","Parce qu’elle sert à calculer le poids réellement utilisé pour vérifier la poussée et les performances énergétiques","Parce qu’elle détermine uniquement la couleur du fuselage","Parce qu’elle n’affecte que la radio","Parce qu’elle supprime les contraintes de l’aile","A","La propulsion et l’énergie doivent être vérifiées avec la masse finale cohérente issue de la boucle."
125,"5.5 Étude de cas, voilure fixe et VTOL","Dans l’étude de cas, quelle masse au décollage est associée au VTOL convergé ?","Environ 2,0 kg","Environ 2,7 kg","Environ 3,35 kg","Environ 5 kg","C","Le cas étudié indique une masse au décollage convergée de l’ordre de 3,35 kg."
126,"5.5 Étude de cas, voilure fixe et VTOL","Quelle masse de batterie est associée approximativement au VTOL convergé dans l’étude de cas ?","350 g","550 g","850 g","1,5 kg","C","Le texte de l’étude de cas donne une batterie d’environ 850 g ; une question précédente donne environ 847 g selon le calcul détaillé."
127,"5.5 Étude de cas, voilure fixe et VTOL","Pourquoi une voilure fixe pure peut-elle converger vers une masse plus faible que le VTOL pour la même mission ?","Elle évite la masse des systèmes de sustentation verticale et l’énergie associée au vol vertical","Elle ne possède aucune masse de propulsion","Elle ne nécessite jamais de batterie","Elle ne subit aucune traînée","A","La voilure fixe pure n’embarque pas les rotors de sustentation et n’a pas à fournir l’énergie des phases verticales."
128,"5.5 Étude de cas, voilure fixe et VTOL","Quelle masse convergée approximative est donnée pour la voilure fixe pure de comparaison ?","1,0 kg","2,7 kg","3,35 kg","5,0 kg","B","L’étude indique une masse inférieure à environ 2,7 kg pour la voilure fixe pure."
129,"5.5 Étude de cas, voilure fixe et VTOL","Quelle différence de masse approximative est donnée entre le VTOL et la voilure fixe pure dans l’étude ?","Environ 100 g","Environ 300 g","Environ 650 g","Environ 2 kg","C","L’étude chiffre l’écart d’architecture à environ 650 g, correspondant au coût de la capacité verticale."
130,"5.5 Étude de cas, voilure fixe et VTOL","Pourquoi l’écart de masse entre VTOL et voilure fixe ne doit-il pas être considéré isolément ?","Parce qu’il correspond à un compromis entre masse, énergie et capacité opérationnelle de décollage vertical","Parce que la masse n’a aucune influence sur l’autonomie","Parce que la capacité verticale est gratuite","Parce que les deux architectures ont toujours les mêmes performances","A","L’écart de masse représente le coût d’une capacité opérationnelle supplémentaire ; le choix dépend donc des contraintes de la mission."
131,"5.5 Étude de cas, voilure fixe et VTOL","Dans quel contexte une voilure fixe pure peut-elle être adaptée à la mission décrite ?","Lorsque le site dispose d’un espace permettant le lancement et la récupération","Uniquement lorsque le décollage vertical est indispensable","Lorsque l’aile est supprimée","Uniquement lorsqu’aucune propulsion n’est utilisée","A","Une voilure fixe pure nécessite des conditions de lancement et de récupération compatibles avec son architecture."
132,"5.5 Étude de cas, voilure fixe et VTOL","Dans quel contexte le coût supplémentaire du VTOL peut-il être justifié ?","Lorsque la mission impose un accès ou un décollage vertical dans un espace contraint","Lorsque la mission interdit toute capacité verticale","Lorsque la masse n’a aucune importance","Lorsque la croisière n’est jamais utilisée","A","Le VTOL apporte une capacité de décollage et d’atterrissage vertical particulièrement utile lorsque l’espace de lancement ou de récupération est limité."
133,"5.5 Étude de cas, voilure fixe et VTOL","Pourquoi l’étude de cas est-elle présentée comme une synthèse des chapitres précédents ?","Parce qu’elle combine cahier des charges, architecture, masse, centrage, propulsion et énergie dans un même dimensionnement","Parce qu’elle introduit uniquement une nouvelle formule","Parce qu’elle ne fait intervenir que la batterie","Parce qu’elle remplace tous les chapitres précédents","A","L’étude de cas assemble les différentes briques de conception afin de révéler leurs interactions et leurs couplages."
134,"5.5 Étude de cas, voilure fixe et VTOL","Quel phénomène devient visible dans une étude complète mais peut rester caché lorsqu’on étudie chaque sous-système séparément ?","Les couplages entre masse, propulsion, énergie et architecture","La disparition de la gravité","L’indépendance totale des paramètres","L’absence de toute incertitude","A","L’étude complète montre notamment qu’une variation de masse modifie simultanément propulsion et énergie, ce qui rétroagit sur la batterie."
135,"5.5 Étude de cas, voilure fixe et VTOL","Si la finesse d’une voilure fixe passe de 12 à 9 à masse et vitesse comparables, quelle tendance est attendue pour la puissance de croisière ?","Elle augmente","Elle diminue","Elle devient nulle","Elle reste nécessairement identique","A","La puissance de croisière est inversement liée à la finesse dans le modèle présenté ; une finesse plus faible augmente donc la puissance requise."
136,"5.5 Étude de cas, voilure fixe et VTOL","Pourquoi une diminution de finesse peut-elle provoquer une augmentation de masse supérieure à l’effet initial attendu ?","Parce que la hausse d’énergie de croisière entraîne une hausse de batterie, qui augmente elle-même la masse et donc les besoins énergétiques","Parce que la batterie devient automatiquement plus légère","Parce que le poids n’affecte jamais la puissance","Parce que la boucle de convergence supprime les rétroactions","A","La boucle circulaire amplifie l’effet initial : plus d’énergie implique plus de batterie, qui augmente la masse et donc les besoins énergétiques."
137,"5.5 Étude de cas, voilure fixe et VTOL","Pourquoi la finesse est-elle décrite comme une hypothèse dominante dans l’analyse de sensibilité du cas VTOL ?","Parce qu’elle agit directement sur la puissance de croisière, qui représente la majorité de l’énergie de la mission","Parce qu’elle ne concerne que le stationnaire","Parce qu’elle détermine uniquement la fréquence radio","Parce qu’elle n’a aucun effet sur la batterie","A","La croisière représente la majeure partie de l’énergie de mission et sa puissance dépend directement de la finesse."
138,"5.5 Étude de cas, voilure fixe et VTOL","Que risque-t-on en utilisant une finesse trop optimiste dans le dimensionnement ?","Sous-estimer la puissance, l’énergie et potentiellement la masse de batterie nécessaires","Surdimensionner nécessairement la batterie","Augmenter artificiellement la charge utile","Réduire automatiquement le poids réel","A","Une finesse surestimée rend le modèle de croisière trop favorable et peut conduire à une sous-estimation des besoins."
139,"5.5 Étude de cas, voilure fixe et VTOL","Pourquoi les hypothèses de dimensionnement doivent-elles être clairement identifiées dans une étude de cas ?","Parce que les résultats dépendent directement des hypothèses utilisées","Parce qu’elles n’ont aucune influence sur le résultat","Parce que les hypothèses remplacent les mesures","Parce qu’une hypothèse devient automatiquement une mesure","A","Une variation d’hypothèse comme la finesse, la masse ou l’énergie massique de batterie peut modifier fortement le résultat final."
140,"5.5 Étude de cas, voilure fixe et VTOL","Quel principe permet de comparer correctement deux architectures dans l’étude de cas ?","Les comparer pour une même mission et avec des hypothèses cohérentes","Comparer uniquement leur masse à vide","Comparer uniquement leur vitesse maximale","Comparer uniquement leur nombre de moteurs","A","Une comparaison d’architecture doit conserver les exigences et conditions de mission afin que les différences observées soient pertinentes."
141,"5.5 Étude de cas, voilure fixe et VTOL","Pourquoi une voilure fixe plus légère peut-elle malgré tout être inadaptée à une mission donnée ?","Parce que la masse n’est pas le seul critère : les contraintes de lancement et de récupération peuvent imposer le VTOL","Parce qu’une voilure fixe ne peut jamais voler","Parce qu’une faible masse empêche toujours la croisière","Parce qu’elle n’a jamais besoin de propulsion","A","L’architecture doit satisfaire les contraintes opérationnelles, et la capacité de décollage vertical peut être une exigence déterminante."
142,"5.5 Étude de cas, voilure fixe et VTOL","Quelle conclusion méthodologique faut-il tirer d’une étude de cas comme celle du VTOL ?","Le choix d’architecture doit être évalué avec ses conséquences sur masse, énergie, propulsion et contraintes opérationnelles","Il suffit de choisir l’architecture la plus légère","Il suffit de choisir l’architecture avec le plus de moteurs","Le choix peut être fait indépendamment de la mission","A","Une architecture doit être évaluée comme un système complet, car ses choix se répercutent sur plusieurs sous-systèmes."
143,"5.5 Étude de cas, voilure fixe et VTOL","Si une mission exige absolument un décollage vertical depuis un espace très confiné, quelle contrainte devient déterminante dans le choix d’architecture ?","La capacité VTOL","La masse minimale uniquement","La finesse uniquement","La vitesse de croisière uniquement","A","Une exigence opérationnelle de décollage vertical peut imposer une architecture VTOL malgré son coût en masse et en énergie."
144,"5.5 Étude de cas, voilure fixe et VTOL","Si une mission dispose d’un espace de lancement et de récupération suffisant et privilégie l’efficacité énergétique, quelle architecture peut être étudiée comme alternative au VTOL ?","Une voilure fixe pure","Un multirotor sans aile","Un système sans propulsion","Un véhicule uniquement stationnaire","A","La voilure fixe pure évite le coût des systèmes de sustentation verticale et peut être particulièrement adaptée à une mission de distance disposant d’un espace de lancement."
145,"5.5 Étude de cas, voilure fixe et VTOL","Pourquoi la capacité VTOL ne doit-elle pas être considérée comme gratuite dans un bilan de conception ?","Elle impose une masse supplémentaire, une puissance de sustentation et une énergie de vol vertical","Elle n’a aucun impact sur la structure","Elle réduit toujours la masse totale","Elle supprime les besoins énergétiques","A","Le VTOL nécessite des systèmes supplémentaires qui restent embarqués et consomment de l’énergie pendant les phases verticales."
146,"5.5 Étude de cas, voilure fixe et VTOL","Quelle affirmation décrit correctement le rôle de la croisière dans la mission d’inspection étudiée ?","Elle représente la majorité de l’énergie consommée malgré une puissance instantanée plus faible que le stationnaire","Elle représente toujours moins de 10 % de l’énergie","Elle ne dépend pas de la durée","Elle est énergétiquement négligeable","A","Dans l’exemple, la croisière représente environ 87 % de l’énergie avant réserve grâce à sa durée beaucoup plus importante."
147,"5.5 Étude de cas, voilure fixe et VTOL","Quelle affirmation décrit correctement le rôle du stationnaire dans cette même mission ?","Il demande une puissance élevée mais pendant une durée courte","Il représente toute l’énergie de mission","Il demande moins de puissance que la croisière","Il ne contribue jamais à la consommation","A","Le stationnaire est très puissant mais bref ; son énergie totale reste faible devant celle de la longue croisière."
148,"5.5 Étude de cas, voilure fixe et VTOL","Pourquoi le dimensionnement énergétique d’un VTOL ne peut-il pas être fait en ne considérant que la puissance de stationnaire ?","Parce que la croisière représente une grande partie de la durée et de l’énergie de la mission","Parce que le stationnaire n’existe jamais","Parce que la croisière ne consomme aucune puissance","Parce que l’aile produit de l’énergie","A","La mission complète comprend des phases de croisière qui peuvent dominer largement le bilan énergétique."
149,"5.5 Étude de cas, voilure fixe et VTOL","Quel résultat doit finalement être cohérent dans une boucle de dimensionnement réussie ?","La masse, les puissances, l’énergie de mission et la masse de batterie","Uniquement la tension de batterie","Uniquement la vitesse de croisière","Uniquement la charge alaire","A","Le point fixe correspond à la cohérence mutuelle entre la masse supposée, les performances calculées et la batterie nécessaire."
150,"5.5 Étude de cas, voilure fixe et VTOL","Quelle est la principale leçon de conception de l’étude de cas VTOL ?","Une architecture doit être choisie en fonction des exigences de mission en évaluant explicitement le coût en masse, énergie et complexité","Le VTOL est toujours préférable","La voilure fixe est toujours préférable","La masse est le seul critère important","A","L’étude montre qu’une capacité opérationnelle supplémentaire comme le décollage vertical a un coût quantifiable qui doit être mis en regard des besoins réels de la mission."
87,"5.6 Nomenclature et montage, voilure fixe et VTOL","Dans une voilure fixe, quelle grandeur constitue le point de départ du dimensionnement aérodynamique présenté dans ce chapitre ?","Le rapport poussée-poids","La charge alaire","Le courant maximal moteur","La capacité de la batterie","B","La charge alaire, c’est-à-dire le poids rapporté à la surface de l’aile, constitue la grandeur de départ du dimensionnement de la voilure fixe."
88,"5.6 Nomenclature et montage, voilure fixe et VTOL","Comment définit-on la charge alaire ?","La poussée totale divisée par la masse","Le poids de l'appareil divisé par la surface de l'aile","La puissance moteur divisée par la surface de l'aile","La masse de la batterie divisée par le poids total","B","La charge alaire est le rapport entre le poids de l'appareil et la surface portante de l'aile."
89,"5.6 Nomenclature et montage, voilure fixe et VTOL","Quel est l'effet général d'une augmentation de la charge alaire, toutes choses égales par ailleurs ?","La vitesse de décrochage diminue","La vitesse de décrochage augmente","La vitesse de décrochage devient nulle","La voilure n'a plus besoin de portance","B","Une charge alaire plus élevée impose une vitesse plus importante pour produire la portance nécessaire. La vitesse de décrochage augmente donc."
90,"5.6 Nomenclature et montage, voilure fixe et VTOL","Quel comportement est généralement associé à une faible charge alaire ?","Un appareil plus lent et plus docile","Un appareil qui doit toujours voler très vite","Une vitesse de décrochage plus élevée","Une absence de portance","A","Une faible charge alaire permet généralement de voler plus lentement et conduit à une vitesse de décrochage plus faible."
91,"5.6 Nomenclature et montage, voilure fixe et VTOL","Si le poids d'une voilure fixe reste constant et que la surface de l'aile augmente, que devient la charge alaire ?","Elle augmente","Elle diminue","Elle reste nécessairement identique","Elle devient égale à la finesse","B","La charge alaire est proportionnelle au poids et inversement proportionnelle à la surface de l'aile. Une surface plus grande réduit donc la charge alaire."
92,"5.6 Nomenclature et montage, voilure fixe et VTOL","Pourquoi la surface d'aile est-elle liée aux vitesses de décrochage et de croisière visées ?","Parce que la surface d'aile influence la charge alaire et donc le domaine de vitesse de l'appareil","Parce qu'elle détermine directement la capacité de la batterie","Parce qu'elle fixe uniquement la masse du moteur","Parce qu'elle remplace le système de propulsion","A","Le choix de surface d'aile agit sur la charge alaire, qui influence notamment la vitesse de décrochage et donc le domaine de fonctionnement recherché."
93,"5.6 Nomenclature et montage, voilure fixe et VTOL","Une voilure fixe pèse 30 N et possède une aile de 0,75 m². Quelle est sa charge alaire ?","22,5 N/m²","30 N/m²","40 N/m²","45 N/m²","C","La charge alaire vaut W/S = 30 / 0,75 = 40 N/m²."
94,"5.6 Nomenclature et montage, voilure fixe et VTOL","Une voilure fixe possède une charge alaire de 50 N/m². Si son poids reste constant et que la surface d'aile est doublée, quelle est la nouvelle charge alaire ?","100 N/m²","75 N/m²","50 N/m²","25 N/m²","D","À poids constant, doubler la surface d'aile divise la charge alaire par deux : 50 / 2 = 25 N/m²."
95,"5.6 Nomenclature et montage, voilure fixe et VTOL","Dans le modèle simplifié présenté, de quoi dépend principalement la puissance de croisière d'une voilure fixe ?","Du poids, de la vitesse et de la finesse, avec correction par le rendement propulsif","Uniquement du nombre de rotors","Uniquement de la capacité de la batterie","Uniquement de la surface de l'aile","A","La puissance de croisière est liée au poids, à la vitesse et à la finesse, puis doit être corrigée par le rendement de la chaîne propulsive."
96,"5.6 Nomenclature et montage, voilure fixe et VTOL","Dans le modèle de puissance de croisière simplifié, que se passe-t-il si la finesse augmente à poids et vitesse constants ?","La puissance nécessaire augmente","La puissance nécessaire diminue","La puissance devient indépendante de la vitesse","La puissance devient infinie","B","Dans le modèle P ≈ W × V / finesse, une finesse plus élevée réduit la puissance nécessaire à poids et vitesse constants."
97,"5.6 Nomenclature et montage, voilure fixe et VTOL","Une voilure fixe a un poids de 40 N, vole à 15 m/s et possède une finesse de 10. En négligeant les pertes, quelle puissance mécanique de croisière donne le modèle simplifié ?","6 W","40 W","60 W","600 W","C","P ≈ W × V / finesse = 40 × 15 / 10 = 60 W."
98,"5.6 Nomenclature et montage, voilure fixe et VTOL","Pourquoi la puissance de vol stationnaire n'apparaît-elle pas dans le modèle de croisière de la voilure fixe ?","Parce qu'une voilure fixe produit sa sustentation par son aile et non par un rotor maintenant l'appareil en stationnaire","Parce qu'une voilure fixe ne consomme aucune énergie","Parce que son moteur est arrêté pendant toute la croisière","Parce que la batterie ne fonctionne qu'en phase de décollage","A","En croisière, l'aile fournit la portance. Il n'existe donc pas de terme de puissance de sustentation stationnaire comparable à celui d'un multirotor."
99,"5.6 Nomenclature et montage, voilure fixe et VTOL","Pour une mission longue distance en voilure fixe, quelle contribution énergétique devient généralement dominante ?","L'énergie de croisière","L'énergie des moteurs au sol","L'énergie d'un stationnaire permanent","L'énergie consommée uniquement par le contrôleur de vol","A","Une voilure fixe passe l'essentiel de sa mission en croisière. L'énergie de croisière représente donc l'essentiel de l'énergie de mission."
100,"5.6 Nomenclature et montage, voilure fixe et VTOL","Pourquoi le dimensionnement d'un VTOL doit-il considérer deux régimes de vol ?","Parce que le VTOL doit satisfaire à la fois les exigences de vol vertical et celles de croisière sur aile","Parce que le VTOL utilise deux batteries obligatoirement","Parce qu'un VTOL ne peut jamais voler en croisière","Parce que le régime de vol n'influence pas le dimensionnement","A","Le VTOL doit assurer le vol vertical avec ses rotors puis la croisière avec son aile. Les deux régimes imposent donc des contraintes différentes."
101,"5.6 Nomenclature et montage, voilure fixe et VTOL","En vol stationnaire, quelle logique de dimensionnement s'applique au VTOL ?","La logique de la voilure fixe","La logique du multirotor","La logique d'un planeur","Aucune logique de propulsion","B","En stationnaire, les rotors doivent soutenir tout le poids. Le dimensionnement suit donc la logique du multirotor."
102,"5.6 Nomenclature et montage, voilure fixe et VTOL","En croisière, quelle logique de dimensionnement s'applique principalement au VTOL ?","La logique de la voilure fixe","La logique d'un multirotor en stationnaire","La logique d'un parachute","La logique d'un hélicoptère stationnaire","A","En croisière, l'aile fournit la sustentation et le VTOL bénéficie donc de la logique énergétique d'une voilure fixe."
103,"5.6 Nomenclature et montage, voilure fixe et VTOL","Pourquoi les rotors de sustentation d'un VTOL constituent-ils une masse morte pendant une partie de la mission ?","Parce qu'ils ne participent plus directement à la sustentation lorsque l'aile porte l'appareil en croisière","Parce qu'ils deviennent plus légers en croisière","Parce qu'ils produisent automatiquement de l'énergie","Parce qu'ils remplacent la batterie","A","Une fois en croisière, l'aile fournit la portance. Les rotors de sustentation et leurs supports restent néanmoins embarqués et ajoutent donc de la masse sans contribuer directement à la sustentation."
104,"5.6 Nomenclature et montage, voilure fixe et VTOL","Quel autre coût architectural est associé au passage entre le vol vertical et la croisière d'un VTOL ?","Une phase de transition","Une suppression obligatoire de l'aile","Une réduction automatique de la masse","Une disparition de la propulsion","A","Le VTOL doit passer d'un régime de sustentation verticale à un régime de croisière. Cette transition ajoute une phase de fonctionnement et des contraintes supplémentaires."
105,"5.6 Nomenclature et montage, voilure fixe et VTOL","Un VTOL consomme 500 W pendant 2 minutes en stationnaire. Quelle énergie est consommée pendant cette phase ?","1,7 Wh","8,3 Wh","16,7 Wh","60 Wh","C","2 minutes correspondent à 2/60 heure. L'énergie vaut 500 × 2/60 ≈ 16,7 Wh."
106,"5.6 Nomenclature et montage, voilure fixe et VTOL","Un VTOL consomme 100 W pendant 3600 secondes de croisière. Quelle énergie est consommée ?","10 Wh","50 Wh","100 Wh","360 Wh","C","3600 secondes correspondent à une heure. L'énergie vaut donc 100 W × 1 h = 100 Wh."
107,"5.6 Nomenclature et montage, voilure fixe et VTOL","Un VTOL consomme environ 16,7 Wh en stationnaire et 100 Wh en croisière. Quelle phase domine l'énergie de mission ?","Le stationnaire","La croisière","Les deux sont exactement égales","Aucune des deux","B","La croisière représente environ 100 Wh contre 16,7 Wh pour le stationnaire. Elle domine donc l'énergie de mission."
108,"5.6 Nomenclature et montage, voilure fixe et VTOL","Avec 16,7 Wh de stationnaire et 100 Wh de croisière, quelle fraction approximative de l'énergie totale vient de la croisière ?","35 %","50 %","75 %","86 %","D","L'énergie totale vaut environ 116,7 Wh. La part de croisière vaut 100 / 116,7 ≈ 86 %."
109,"5.6 Nomenclature et montage, voilure fixe et VTOL","Un VTOL consomme cinq fois plus de puissance en stationnaire qu'en croisière, mais reste dix fois moins longtemps en stationnaire. Quelle phase consomme le moins d'énergie ?","Le stationnaire","La croisière","Les deux consomment la même énergie","Impossible à déterminer","A","L'énergie dépend de P × t. Malgré sa puissance cinq fois plus élevée, le stationnaire dure dix fois moins longtemps et consomme donc moins d'énergie."
110,"5.6 Nomenclature et montage, voilure fixe et VTOL","Pourquoi est-il pertinent de réduire le temps de stationnaire d'un VTOL ?","Parce que la puissance instantanée du stationnaire est élevée et sollicite fortement la propulsion","Parce que le stationnaire représente toujours toute l'énergie de mission","Parce que l'aile ne fonctionne jamais en croisière","Parce que réduire le stationnaire supprime la masse des rotors","A","La puissance de stationnaire est élevée. Réduire sa durée limite donc la sollicitation instantanée de la propulsion et de la batterie."
111,"5.6 Nomenclature et montage, voilure fixe et VTOL","Pourquoi ne faut-il toutefois pas conclure que l'énergie totale de stationnaire est nécessairement dominante ?","Parce que la durée de stationnaire est généralement très courte devant la durée de croisière","Parce que le stationnaire ne consomme aucune puissance","Parce que la croisière est toujours plus puissante que le stationnaire","Parce que la batterie ne fournit pas d'énergie aux rotors","A","La puissance et l'énergie sont différentes. Le stationnaire peut être très puissant mais bref, tandis que la croisière est moins puissante mais dure beaucoup plus longtemps."
112,"5.6 Nomenclature et montage, voilure fixe et VTOL","Pour une mission de distance, quel paramètre aérodynamique de la voilure influence fortement l'énergie de croisière ?","La finesse","La couleur de l'aile","Le nombre de trains d'atterrissage","La capacité nominale de la batterie","A","Une meilleure finesse réduit la puissance nécessaire dans le modèle simplifié et peut donc réduire fortement l'énergie de croisière."
113,"5.6 Nomenclature et montage, voilure fixe et VTOL","Une finesse passe de 12 à 9, à poids et vitesse constants dans le modèle simplifié. Comment évolue approximativement la puissance de croisière ?","Elle diminue de 25 %","Elle reste identique","Elle augmente d'un facteur 12/9, soit environ 33 %","Elle est multipliée par 9","C","La puissance est inversement proportionnelle à la finesse. Le rapport des puissances est donc 12/9 ≈ 1,33, soit environ 33 % de plus."
114,"5.6 Nomenclature et montage, voilure fixe et VTOL","Pourquoi une hypothèse de finesse trop optimiste peut-elle conduire à une mauvaise estimation de batterie ?","Parce qu'elle sous-estime la puissance et l'énergie de croisière, donc potentiellement la masse de batterie nécessaire","Parce qu'elle augmente artificiellement le poids des moteurs","Parce qu'elle supprime le besoin de réserve","Parce qu'elle augmente automatiquement la charge alaire","A","Une finesse surestimée réduit artificiellement la puissance calculée. L'énergie de mission et donc la batterie requise peuvent alors être sous-estimées."
115,"5.6 Nomenclature et montage, voilure fixe et VTOL","Dans la boucle de convergence du VTOL, quelle grandeur est supposée au départ ?","La masse de batterie","La masse réelle finale de batterie","La finesse mesurée après le premier vol","La masse nulle","A","La boucle commence par une hypothèse de masse de batterie qui sert à calculer la masse totale et les besoins énergétiques."
116,"5.6 Nomenclature et montage, voilure fixe et VTOL","Après avoir calculé une nouvelle masse de batterie, que faut-il faire si elle diffère de la masse supposée ?","Arrêter immédiatement le dimensionnement","Recommencer les calculs avec la nouvelle masse de batterie","Ignorer la différence","Supprimer la réserve énergétique","B","La nouvelle masse modifie la masse totale et donc les puissances et l'énergie. Il faut donc recommencer la boucle avec la nouvelle valeur."
117,"5.6 Nomenclature et montage, voilure fixe et VTOL","Que représente le point fixe de la boucle de dimensionnement ?","Une configuration où la masse de batterie supposée et la masse calculée sont cohérentes","La masse minimale possible sans batterie","La vitesse maximale du VTOL","Le point où les rotors sont arrêtés","A","Le point fixe correspond à une situation où l'entrée de la boucle, notamment la masse de batterie, devient cohérente avec la valeur recalculée."
118,"5.6 Nomenclature et montage, voilure fixe et VTOL","Pourquoi la boucle de dimensionnement converge-t-elle dans le cas étudié ?","Parce que chaque correction de masse devient progressivement plus faible","Parce que la batterie perd automatiquement toute sa masse","Parce que le poids ne change jamais","Parce que les calculs ne dépendent pas de la batterie","A","L'ajout de batterie augmente la masse et donc le besoin énergétique, mais l'incrément nécessaire diminue progressivement. Les corrections finissent donc par devenir très faibles."
119,"5.6 Nomenclature et montage, voilure fixe et VTOL","Un calcul commence avec 600 g de batterie, puis donne 720 g, puis 680 g, puis 665 g, puis 660 g. Que suggère cette séquence ?","Une tendance vers une convergence","Une impossibilité mathématique certaine","Une absence totale de couplage","Une batterie qui devient progressivement inutile","A","Les écarts entre itérations diminuent. La masse semble se rapprocher progressivement d'une valeur stable, ce qui indique une convergence."
120,"5.6 Nomenclature et montage, voilure fixe et VTOL","Quelle erreur consiste à arrêter le dimensionnement après une seule estimation de batterie ?","Ne pas fermer la boucle masse-énergie","Surdimensionner automatiquement l'aile","Supprimer la portance","Transformer automatiquement le VTOL en voilure fixe","A","La masse de batterie influence la masse totale et donc les besoins énergétiques. Une seule estimation ne garantit donc pas la cohérence finale."
121,"5.6 Nomenclature et montage, voilure fixe et VTOL","Si la batterie réelle est plus lourde que la batterie supposée, quel effet général faut-il examiner ?","Une augmentation de masse pouvant augmenter à son tour les besoins énergétiques","Une diminution automatique du poids","Une disparition de la puissance de stationnaire","Une augmentation automatique de la finesse","A","Une batterie plus lourde augmente la masse totale. Cette augmentation peut accroître les besoins de propulsion et d'énergie, ce qui peut demander encore plus de batterie."
122,"5.6 Nomenclature et montage, voilure fixe et VTOL","Pour le cas étudié, quelle masse au décollage approximative est obtenue après convergence pour le VTOL ?","1,3 kg","2,0 kg","3,3 kg","5,5 kg","C","L'étude de cas indique une masse au décollage de l'ordre de 3,3 kg pour le VTOL après convergence."
123,"5.6 Nomenclature et montage, voilure fixe et VTOL","Quelle masse de batterie approximative est obtenue pour le VTOL étudié ?","250 g","550 g","850 g","1,5 kg","C","Le cas étudié converge vers une batterie d'environ 850 g."
124,"5.6 Nomenclature et montage, voilure fixe et VTOL","Quelle masse au décollage approximative est obtenue pour la voilure fixe pure dans le cas étudié ?","1,7 kg","2,7 kg","3,3 kg","4,5 kg","B","La voilure fixe pure converge pour cette mission à moins de 2,7 kg."
125,"5.6 Nomenclature et montage, voilure fixe et VTOL","Quelle masse de batterie approximative est associée à la voilure fixe pure dans le cas étudié ?","250 g","550 g","850 g","1,2 kg","B","Le cas étudié indique une batterie d'environ 550 g pour la voilure fixe pure."
126,"5.6 Nomenclature et montage, voilure fixe et VTOL","Dans le cas étudié, quel est approximativement l'écart de masse entre le VTOL et la voilure fixe pure ?","50 g","250 g","650 g","1,5 kg","C","Le VTOL est de l'ordre de 3,3 kg tandis que la voilure fixe pure est à moins de 2,7 kg. L'écart est donc de l'ordre de 650 g."
127,"5.6 Nomenclature et montage, voilure fixe et VTOL","Dans l'étude de cas, que représente principalement l'écart d'environ 650 g entre les architectures ?","Le coût en masse de la capacité de décollage vertical","La masse de l'air autour de l'appareil","La masse de la station sol","La masse de la charge utile supprimée","A","L'écart correspond au coût architectural des rotors de sustentation, de leurs supports et des conséquences énergétiques et structurelles associées à la capacité VTOL."
128,"5.6 Nomenclature et montage, voilure fixe et VTOL","Pourquoi la comparaison entre 3,3 kg pour le VTOL et moins de 2,7 kg pour la voilure fixe ne doit-elle pas être considérée comme une constante universelle ?","Parce que ces valeurs dépendent des hypothèses, de la mission et du dimensionnement particulier de l'étude de cas","Parce que les masses des drones ne peuvent jamais être comparées","Parce que la masse n'a aucun rapport avec l'architecture","Parce que toutes les voilures fixes ont toujours exactement 2,7 kg","A","Les valeurs numériques sont celles de cette étude de cas. Elles dépendent notamment de la mission, de la finesse, des composants, de la réserve et des hypothèses de dimensionnement."
129,"5.6 Nomenclature et montage, voilure fixe et VTOL","Dans quel contexte la voilure fixe pure devient-elle particulièrement intéressante selon l'étude de cas ?","Lorsqu'un espace de lancement et de récupération est disponible","Lorsqu'un décollage vertical est absolument indispensable","Lorsqu'il faut rester immobile pendant toute la mission","Lorsqu'aucune surface portante n'est disponible","A","Si le site permet le lancement et la récupération, la capacité VTOL devient moins nécessaire et la voilure fixe peut exploiter son meilleur rendement énergétique."
130,"5.6 Nomenclature et montage, voilure fixe et VTOL","Dans quel contexte le VTOL conserve-t-il un intérêt malgré son coût en masse ?","Lorsque l'accès au site est confiné et que le décollage vertical est nécessaire","Lorsque la mission ne comporte aucune phase aérienne","Lorsque l'appareil doit uniquement rester au sol","Lorsque la voilure fixe peut être lancée sans contrainte","A","Le VTOL apporte une capacité opérationnelle importante lorsque le site ne permet pas un lancement ou une récupération classiques."
131,"5.6 Nomenclature et montage, voilure fixe et VTOL","Quel est le principal compromis architectural illustré par cette étude de cas ?","Accepter une masse et une consommation supplémentaires pour obtenir la capacité de décollage vertical","Supprimer toute propulsion pour gagner de la masse","Remplacer systématiquement l'aile par des rotors","Choisir toujours l'architecture la plus légère sans tenir compte de la mission","A","Le VTOL accepte le coût de masse et d'énergie de la sustentation verticale en échange d'une capacité opérationnelle de décollage et d'atterrissage verticaux."
132,"5.6 Nomenclature et montage, voilure fixe et VTOL","Pourquoi l'étude de cas est-elle plus instructive qu'un calcul isolé de propulsion ?","Parce qu'elle fait apparaître les couplages entre architecture, masse, propulsion, énergie et mission","Parce qu'elle évite tous les calculs","Parce qu'elle ne nécessite aucune hypothèse","Parce qu'elle remplace le cahier des charges","A","L'intérêt de l'étude de cas est de faire fonctionner simultanément les modèles précédents et de révéler leurs interactions."
133,"5.6 Nomenclature et montage, voilure fixe et VTOL","Quel enchaînement représente correctement la boucle de convergence du VTOL ?","Masse batterie supposée → masse totale → puissances → énergie mission → batterie nécessaire → nouvelle masse batterie","Batterie → architecture → suppression de l'aile → masse nulle","Charge utile → vol → arrêt des calculs → batterie","Masse totale → suppression de la réserve → arrêt définitif","A","La boucle part d'une masse de batterie supposée, calcule la masse totale et les besoins énergétiques, puis déduit une nouvelle masse de batterie qui sert à l'itération suivante."
134,"5.6 Nomenclature et montage, voilure fixe et VTOL","Pourquoi la puissance de stationnaire élevée du VTOL ne suffit-elle pas à conclure que le stationnaire domine la consommation totale ?","Parce que l'énergie dépend également de la durée de chaque phase","Parce que la puissance n'a aucun rapport avec l'énergie","Parce que le stationnaire ne consomme jamais d'énergie","Parce que la croisière dure toujours moins longtemps","A","L'énergie est l'intégrale de la puissance sur le temps. Une puissance élevée pendant quelques minutes peut représenter moins d'énergie qu'une puissance faible pendant une heure."
135,"5.6 Nomenclature et montage, voilure fixe et VTOL","Une mission comporte 10 minutes de stationnaire à 500 W et 60 minutes de croisière à 100 W. Quelle phase consomme le plus d'énergie ?","Le stationnaire avec environ 83 Wh","La croisière avec environ 100 Wh","Les deux avec exactement 50 Wh","Le stationnaire avec environ 500 Wh","B","Le stationnaire consomme 500 × 10/60 ≈ 83 Wh. La croisière consomme 100 × 1 = 100 Wh. La croisière reste donc dominante."
136,"5.6 Nomenclature et montage, voilure fixe et VTOL","Si le temps de stationnaire est divisé par deux à puissance identique, que devient son énergie consommée ?","Elle double","Elle est divisée par deux","Elle reste identique","Elle devient nulle dans tous les cas","B","À puissance constante, l'énergie est proportionnelle au temps. Diviser le temps par deux divise donc l'énergie par deux."
137,"5.6 Nomenclature et montage, voilure fixe et VTOL","Si la puissance de croisière est divisée par deux pour une durée identique, que devient l'énergie de croisière ?","Elle double","Elle reste identique","Elle est divisée par deux","Elle devient quatre fois plus grande","C","À durée constante, l'énergie E = P × t. Diviser la puissance par deux divise donc l'énergie par deux."
138,"5.6 Nomenclature et montage, voilure fixe et VTOL","Pourquoi une amélioration de la finesse peut-elle avoir un effet important sur la masse finale du VTOL ?","Parce qu'elle réduit la puissance et l'énergie de croisière, ce qui peut réduire la batterie et donc la masse totale","Parce qu'elle augmente directement le nombre de rotors","Parce qu'elle supprime le besoin de transition","Parce qu'elle augmente automatiquement la charge utile","A","La croisière représente une grande partie de l'énergie de mission. Une meilleure finesse réduit cette consommation, ce qui peut réduire la capacité et la masse de batterie nécessaires."
139,"5.6 Nomenclature et montage, voilure fixe et VTOL","Quel élément du VTOL reste nécessaire en stationnaire mais devient secondaire pour la sustentation en croisière ?","Les rotors de sustentation","L'aile","La batterie","Le contrôleur de vol","A","En stationnaire, les rotors portent tout le poids. En croisière, l'aile prend en charge la sustentation."
140,"5.6 Nomenclature et montage, voilure fixe et VTOL","Si le site de mission permet un lancement et une récupération conventionnels, quel critère peut favoriser la voilure fixe dans l'étude de cas ?","Sa masse et son énergie de mission plus faibles dans les hypothèses étudiées","La nécessité de deux systèmes de propulsion","La capacité à rester immobile sans énergie","Son besoin obligatoire de rotors de sustentation","A","Lorsque le VTOL n'est pas opérationnellement nécessaire, la masse et l'énergie supplémentaires associées à la capacité verticale peuvent être évitées."
141,"5.6 Nomenclature et montage, voilure fixe et VTOL","Si le site est tellement confiné qu'un lancement classique est impossible, quel besoin peut justifier le coût du VTOL ?","La capacité de décollage et d'atterrissage verticaux","Une augmentation de la charge alaire","Une réduction de la finesse","Une suppression de la batterie","A","Le décollage vertical peut devenir une exigence opérationnelle indispensable lorsque le site ne permet pas un lancement ou une récupération classiques."
142,"5.6 Nomenclature et montage, voilure fixe et VTOL","Quel énoncé résume correctement la conclusion énergétique de l'étude de cas ?","Le VTOL paie fortement le stationnaire en puissance, mais la croisière peut dominer l'énergie totale grâce à sa durée","Le stationnaire domine toujours l'énergie parce que sa puissance est plus élevée","La croisière ne consomme pratiquement aucune énergie","Le VTOL ne consomme de l'énergie que pendant les transitions","A","Le stationnaire est très puissant mais bref. La croisière est moins puissante mais beaucoup plus longue, ce qui peut en faire la principale contribution énergétique."
143,"5.6 Nomenclature et montage, voilure fixe et VTOL","Quel résultat indique qu'une boucle de dimensionnement a réellement convergé ?","La masse de batterie calculée devient suffisamment proche de la masse supposée et les corrections deviennent faibles","La première estimation est conservée sans vérification","La batterie devient de plus en plus lourde à chaque itération","La masse totale est supprimée du calcul","A","La convergence est atteinte lorsque les corrections deviennent faibles et que la masse calculée devient cohérente avec la masse utilisée pour l'itération."
144,"5.6 Nomenclature et montage, voilure fixe et VTOL","Que signifierait une boucle dans laquelle la masse de batterie augmente fortement à chaque itération sans se stabiliser ?","Que le bilan énergétique peut ne pas être réalisable avec les hypothèses et la technologie considérées","Que la conception est automatiquement validée","Que la finesse est nécessairement parfaite","Que le VTOL n'a besoin d'aucune batterie","A","Une divergence indique que le bilan masse-énergie ne se ferme pas dans les conditions considérées. Il faut alors revoir les hypothèses, la mission, l'architecture ou la technologie."
145,"5.6 Nomenclature et montage, voilure fixe et VTOL","Pourquoi la comparaison VTOL contre voilure fixe doit-elle intégrer les contraintes opérationnelles et pas seulement la masse ?","Parce qu'une architecture plus légère peut ne pas satisfaire la contrainte de décollage ou de récupération du site","Parce que la masse n'a aucune importance","Parce que les contraintes opérationnelles sont toujours secondaires","Parce que la batterie détermine seule l'architecture","A","Une architecture doit satisfaire la mission réelle. Une voilure fixe peut être plus légère mais inutilisable si le site exige un décollage vertical."
146,"5.6 Nomenclature et montage, voilure fixe et VTOL","Dans le modèle simplifié de puissance de croisière, si le poids augmente à vitesse et finesse constantes, que devient la puissance nécessaire ?","Elle augmente","Elle diminue","Elle reste exactement constante","Elle devient indépendante du poids","A","Le modèle P ≈ W × V / finesse montre une dépendance directe de la puissance au poids."
147,"5.6 Nomenclature et montage, voilure fixe et VTOL","Pourquoi une augmentation de masse peut-elle se propager dans toute la boucle de dimensionnement du VTOL ?","Parce qu'elle augmente le poids, ce qui peut augmenter les puissances, l'énergie et la masse de batterie nécessaire","Parce que la masse n'affecte que la couleur du drone","Parce qu'elle diminue toujours la consommation","Parce qu'elle supprime automatiquement le besoin de propulsion","A","La masse est couplée au poids, aux besoins de puissance et d'énergie, puis à la masse de batterie. Le changement se propage donc dans la boucle."
148,"5.6 Nomenclature et montage, voilure fixe et VTOL","Quel est le rôle de l'étude de cas dans une démarche de conception complète ?","Vérifier que les choix précédents restent cohérents lorsqu'ils sont appliqués simultanément à une mission réelle","Remplacer toutes les exigences du cahier des charges","Éviter toute itération","Choisir uniquement la couleur de l'appareil","A","L'étude de cas sert à assembler les résultats des chapitres précédents et à vérifier leur cohérence sur une mission réelle."
149,"5.6 Nomenclature et montage, voilure fixe et VTOL","Un VTOL a une puissance de stationnaire de 500 W et une puissance de croisière de 100 W. Quelle affirmation est correcte ?","Le stationnaire consomme toujours cinq fois plus d'énergie","Le stationnaire demande cinq fois plus de puissance instantanée, mais pas nécessairement cinq fois plus d'énergie","La croisière demande cinq fois plus de puissance","Les deux phases ont nécessairement la même énergie","B","La puissance de stationnaire est cinq fois plus élevée, mais l'énergie dépend aussi de la durée. Une phase courte peut donc consommer moins d'énergie qu'une phase longue."
150,"5.6 Nomenclature et montage, voilure fixe et VTOL","Quelle conclusion générale peut-on tirer du cas d’une voilure fixe plus légère mais incapable de décoller verticalement ?","Le choix d’architecture dépend du compromis entre performances de dimensionnement et exigences opérationnelles de la mission","La voilure fixe doit toujours être choisie","Le VTOL doit toujours être choisi","La masse suffit à elle seule pour choisir l'architecture","A","Le choix architectural doit confronter les performances physiques aux besoins opérationnels. La masse seule ne suffit pas à décider."
